,0
0,no
1,no
2,yes
3,yes
4,yes
5,no
6,yes
7,no
8,yes
9,no
10,yes
11,no
12,yes
13,yes
14,no
15,no
16,no
17,no
18,no
19,yes
20,no
21,yes
22,no
23,yes
24,no
25,no
26,no
27,yes
28,yes
29,no
30,yes
31,yes
32,no
33,no
34,no
35,yes
36,yes
37,yes
38,no
39,no
40,no
41,no
42,no
43,yes
44,no
45,yes
46,yes
47,yes
48,yes
49,yes
50,yes
51,yes
52,no
53,no
54,yes
55,yes
56,no
57,yes
58,no
59,yes
60,yes
61,yes
62,no
63,no
64,yes
65,no
66,yes
67,yes
68,yes
69,no
70,yes
71,no
72,yes
73,yes
74,no
75,no
76,no
77,no
78,no
79,no
80,no
81,yes
82,yes
83,yes
84,yes
85,no
86,yes
87,yes
88,no
89,yes
90,no
91,yes
92,no
93,no
94,no
95,no
96,no
97,yes
98,no
99,no
100,no
101,yes
102,no
103,no
104,no
105,yes
106,no
107,yes
108,no
109,no
110,yes
111,no
112,yes
113,no
114,yes
115,no
116,no
117,yes
118,no
119,yes
120,no
121,no
122,no
123,no
124,no
125,no
126,yes
127,yes
128,no
129,no
130,no
131,no
132,no
133,no
134,no
135,yes
136,no
137,yes
138,no
139,yes
140,yes
141,no
142,no
143,no
144,no
145,no
146,no
147,yes
148,no
149,no
150,yes
151,yes
152,yes
153,no
154,yes
155,no
156,no
157,yes
158,yes
159,yes
160,yes
161,no
162,no
163,no
164,no
165,yes
166,yes
167,no
168,no
169,no
170,yes
171,yes
172,no
173,no
174,no
175,yes
176,no
177,no
178,yes
179,yes
180,yes
181,yes
182,yes
183,yes
184,yes
185,yes
186,no
187,yes
188,no
189,yes
190,yes
191,no
192,no
193,yes
194,yes
195,yes
196,yes
197,yes
198,no
199,yes
200,yes
201,no
202,yes
203,no
204,no
205,yes
206,no
207,no
208,no
209,yes
210,yes
211,no
212,yes
213,no
214,yes
215,no
216,no
217,no
218,no
219,yes
220,no
221,no
222,no
223,yes
224,yes
225,yes
226,no
227,no
228,no
229,no
230,no
231,yes
232,no
233,no
234,yes
235,yes
236,no
237,no
238,no
239,yes
240,no
241,no
242,yes
243,yes
244,no
245,yes
246,no
247,no
248,yes
249,no
250,no
251,no
252,yes
253,yes
254,no
255,no
256,yes
257,no
258,no
259,yes
260,no
261,no
262,no
263,yes
264,no
265,yes
266,yes
267,yes
268,no
269,no
270,no
271,no
272,no
273,yes
274,no
275,yes
276,yes
277,no
278,no
279,yes
280,no
281,yes
282,yes
283,no
284,yes
285,yes
286,yes
287,no
288,yes
289,no
290,no
291,no
292,no
293,no
294,no
295,no
296,no
297,no
298,yes
299,no
300,no
301,yes
302,no
303,yes
304,no
305,yes
306,no
307,no
308,no
309,yes
310,yes
311,yes
312,no
313,yes
314,yes
315,no
316,yes
317,yes
318,yes
319,no
320,no
321,no
322,no
323,no
324,yes
325,no
326,no
327,yes
328,no
329,yes
330,no
331,no
332,yes
333,no
334,yes
335,yes
336,no
337,no
338,no
339,yes
340,yes
341,yes
342,yes
343,yes
344,yes
345,yes
346,yes
347,yes
348,no
349,no
350,yes
351,no
352,no
353,no
354,yes
355,no
356,no
357,no
358,yes
359,yes
360,yes
361,no
362,no
363,no
364,no
365,no
366,yes
367,no
368,no
369,yes
370,no
371,yes
372,no
373,yes
374,no
375,yes
376,yes
377,no
378,no
379,no
380,yes
381,no
382,yes
383,no
384,no
385,yes
386,no
387,no
388,yes
389,yes
390,no
391,no
392,yes
393,no
394,no
395,no
396,no
397,no
398,no
399,no
400,yes
401,yes
402,yes
403,yes
404,yes
405,no
406,no
407,yes
408,yes
409,yes
410,yes
411,no
412,no
413,yes
414,yes
415,no
416,no
417,no
418,no
419,yes
420,yes
421,yes
422,no
423,yes
424,yes
425,no
426,yes
427,no
428,yes
429,yes
430,no
431,no
432,no
433,no
434,no
435,yes
436,yes
437,yes
438,yes
439,yes
440,yes
441,yes
442,no
443,yes
444,no
445,no
446,yes
447,no
448,no
449,no
450,yes
451,no
452,yes
453,yes
454,no
455,no
456,no
457,no
458,yes
459,no
460,yes
461,yes
462,no
463,yes
464,no
465,yes
466,no
467,no
468,yes
469,no
470,no
471,yes
472,yes
473,no
474,yes
475,no
476,no
477,yes
478,no
479,no
480,no
481,no
482,no
483,no
484,yes
485,yes
486,no
487,no
488,no
489,no
490,yes
491,yes
492,yes
493,yes
494,no
495,no
496,no
497,yes
498,yes
499,yes
500,no
501,no
502,no
503,no
504,no
505,yes
506,yes
507,yes
508,yes
509,yes
510,no
511,no
512,no
513,no
514,no
515,yes
516,no
517,no
518,yes
519,no
520,yes
521,no
522,yes
523,no
524,yes
525,no
526,yes
527,yes
528,no
529,yes
530,no
531,yes
532,no
533,yes
534,yes
535,yes
536,yes
537,yes
538,no
539,no
540,no
541,no
542,no
543,yes
544,yes
545,yes
546,yes
547,yes
548,no
549,yes
550,no
551,no
552,yes
553,yes
554,no
555,yes
556,no
557,yes
558,no
559,no
560,no
561,yes
562,yes
563,no
564,no
565,no
566,no
567,yes
568,no
569,no
570,yes
571,no
572,no
573,no
574,no
575,yes
576,no
577,no
578,no
579,no
580,yes
581,no
582,yes
583,no
584,yes
585,no
586,yes
587,no
588,yes
589,no
590,yes
591,yes
592,yes
593,yes
594,yes
595,no
596,no
597,no
598,no
599,no
600,yes
601,yes
602,no
603,no
604,yes
605,no
606,no
607,no
608,no
609,yes
610,no
611,no
612,no
613,no
614,yes
615,no
616,yes
617,no
618,no
619,no
620,yes
621,yes
622,no
623,no
624,yes
625,yes
626,yes
627,no
628,no
629,yes
630,no
631,yes
632,no
633,yes
634,yes
635,yes
636,yes
637,no
638,yes
639,no
640,no
641,no
642,no
643,no
644,yes
645,no
646,yes
647,no
648,no
649,no
650,yes
651,no
652,no
653,yes
654,no
655,no
656,yes
657,yes
658,no
659,no
660,yes
661,no
662,no
663,yes
664,no
665,no
666,no
667,no
668,no
669,yes
670,yes
671,no
672,no
673,no
674,yes
675,no
676,yes
677,yes
678,yes
679,no
680,no
681,no
682,no
683,no
684,yes
685,yes
686,yes
687,no
688,no
689,yes
690,no
691,no
692,no
693,no
694,no
695,no
696,yes
697,yes
698,no
699,yes
700,no
701,no
702,yes
703,yes
704,yes
705,yes
706,no
707,yes
708,yes
709,no
710,yes
711,yes
712,no
713,yes
714,no
715,no
716,yes
717,yes
718,no
719,no
720,no
721,yes
722,no
723,no
724,no
725,yes
726,yes
727,yes
728,no
729,yes
730,yes
731,yes
732,no
733,yes
734,yes
735,yes
736,no
737,no
738,yes
739,yes
740,yes
741,yes
742,no
743,yes
744,yes
745,no
746,no
747,no
748,no
749,no
750,no
751,no
752,yes
753,yes
754,no
755,no
756,no
757,no
758,yes
759,yes
760,no
761,yes
762,yes
763,no
764,yes
765,no
766,yes
767,yes
768,no
769,no
770,yes
771,no
772,yes
773,yes
774,no
775,yes
776,no
777,yes
778,yes
779,no
780,no
781,no
782,yes
783,no
784,no
785,no
786,yes
787,no
788,yes
789,yes
790,no
791,no
792,no
793,yes
794,no
795,yes
796,yes
797,no
798,no
799,no
800,no
801,no
802,yes
803,yes
804,no
805,yes
806,no
807,no
808,no
809,no
810,no
811,yes
812,yes
813,no
814,yes
815,no
816,no
817,yes
818,no
819,no
820,no
821,yes
822,no
823,yes
824,no
825,no
826,no
827,no
828,yes
829,no
830,no
831,no
832,no
833,no
834,yes
835,no
836,yes
837,no
838,no
839,yes
840,no
841,yes
842,yes
843,no
844,no
845,no
846,no
847,yes
848,yes
849,yes
850,yes
851,no
852,yes
853,no
854,no
855,no
856,no
857,yes
858,no
859,yes
860,yes
861,yes
862,yes
863,yes
864,no
865,no
866,yes
867,no
868,no
869,yes
870,yes
871,no
872,no
873,yes
874,no
875,yes
876,yes
877,no
878,yes
879,no
880,yes
881,no
882,no
883,yes
884,no
885,yes
886,no
887,no
888,no
889,yes
890,yes
891,no
892,yes
893,no
894,yes
895,no
896,no
897,no
898,no
899,yes
900,no
901,no
902,no
903,no
904,yes
905,yes
906,no
907,no
908,no
909,no
910,yes
911,no
912,yes
913,no
914,yes
915,no
916,yes
917,no
918,yes
919,no
920,no
921,no
922,no
923,no
924,no
925,yes
926,no
927,no
928,no
929,yes
930,no
931,no
932,yes
933,no
934,yes
935,yes
936,no
937,no
938,yes
939,yes
940,no
941,yes
942,no
943,yes
944,no
945,no
946,no
947,no
948,yes
949,no
950,no
951,no
952,yes
953,no
954,yes
955,yes
956,no
957,yes
958,no
959,no
960,no
961,yes
962,yes
963,no
964,yes
965,no
966,yes
967,no
968,yes
969,no
970,no
971,no
972,yes
973,yes
974,no
975,no
976,yes
977,yes
978,yes
979,no
980,no
981,no
982,yes
983,no
984,yes
985,yes
986,yes
987,no
988,yes
989,yes
990,yes
991,no
992,yes
993,no
994,no
995,no
996,yes
997,no
998,yes
999,no
1000,no
1001,yes
1002,no
1003,no
1004,no
1005,yes
1006,no
1007,no
1008,yes
1009,yes
1010,no
1011,yes
1012,yes
1013,no
1014,no
1015,no
1016,no
1017,yes
1018,yes
1019,no
1020,no
1021,no
1022,yes
1023,no
1024,yes
1025,no
1026,no
1027,no
1028,yes
1029,yes
1030,no
1031,yes
1032,yes
1033,yes
1034,yes
1035,yes
1036,no
1037,no
1038,no
1039,no
1040,no
1041,no
1042,no
1043,yes
1044,no
1045,no
1046,yes
1047,yes
1048,yes
1049,no
1050,no
1051,no
1052,yes
1053,yes
1054,no
1055,no
1056,yes
1057,no
1058,no
1059,no
1060,yes
1061,no
1062,yes
1063,no
1064,no
1065,no
1066,no
1067,no
1068,yes
1069,yes
1070,no
1071,yes
1072,no
1073,no
1074,no
1075,no
1076,yes
1077,no
1078,yes
1079,yes
1080,no
1081,yes
1082,no
1083,no
1084,yes
1085,no
1086,yes
1087,no
1088,yes
1089,yes
1090,no
1091,no
1092,no
1093,yes
1094,yes
1095,no
1096,no
1097,yes
1098,yes
1099,no
1100,yes
1101,no
1102,yes
1103,no
1104,no
1105,yes
1106,no
1107,no
1108,yes
1109,no
1110,no
1111,no
1112,no
1113,yes
1114,no
1115,no
1116,no
1117,yes
1118,yes
1119,no
1120,no
1121,no
1122,no
1123,yes
1124,no
1125,no
1126,yes
1127,no
1128,yes
1129,yes
1130,yes
1131,no
1132,no
1133,no
1134,no
1135,no
1136,yes
1137,no
1138,yes
1139,yes
1140,yes
1141,no
1142,no
1143,no
1144,no
1145,yes
1146,no
1147,no
1148,yes
1149,yes
1150,no
1151,yes
1152,yes
1153,no
1154,yes
1155,no
1156,no
1157,no
1158,no
1159,no
1160,no
1161,yes
1162,no
1163,no
1164,no
1165,no
1166,yes
1167,yes
1168,no
1169,no
1170,yes
1171,yes
1172,no
1173,no
1174,no
1175,yes
1176,yes
1177,no
1178,no
1179,yes
1180,no
1181,no
1182,no
1183,no
1184,no
1185,no
1186,no
1187,no
1188,yes
1189,yes
1190,no
1191,yes
1192,yes
1193,yes
1194,yes
1195,yes
1196,yes
1197,yes
1198,no
1199,no
1200,no
1201,no
1202,no
1203,yes
1204,no
1205,no
1206,yes
1207,yes
1208,no
1209,yes
1210,yes
1211,no
1212,no
1213,no
1214,yes
1215,no
1216,yes
1217,no
1218,no
1219,no
1220,yes
1221,no
1222,yes
1223,no
1224,yes
1225,yes
1226,yes
1227,no
1228,no
1229,no
1230,no
1231,yes
1232,yes
1233,no
1234,yes
1235,yes
1236,no
1237,no
1238,yes
1239,no
1240,no
1241,no
1242,no
1243,yes
1244,no
1245,yes
1246,yes
1247,no
1248,no
1249,no
1250,yes
1251,no
1252,yes
1253,yes
1254,no
1255,no
1256,yes
1257,yes
1258,yes
1259,no
1260,yes
1261,yes
1262,yes
1263,yes
1264,yes
1265,yes
1266,no
1267,yes
1268,no
1269,yes
1270,yes
1271,no
1272,yes
1273,no
1274,yes
1275,yes
1276,no
1277,no
1278,no
1279,yes
1280,no
1281,no
1282,yes
1283,no
1284,yes
1285,yes
1286,no
1287,yes
1288,no
1289,no
1290,yes
1291,no
1292,no
1293,yes
1294,no
1295,yes
1296,no
1297,no
1298,no
1299,yes
1300,yes
1301,no
1302,no
1303,no
1304,no
1305,yes
1306,no
1307,yes
1308,yes
1309,no
1310,yes
1311,no
1312,yes
1313,no
1314,no
1315,no
1316,no
1317,yes
1318,yes
1319,yes
1320,no
1321,yes
1322,no
1323,no
1324,no
1325,yes
1326,no
1327,yes
1328,no
1329,yes
1330,yes
1331,yes
1332,yes
1333,no
1334,yes
1335,no
1336,yes
1337,yes
1338,no
1339,no
1340,yes
1341,no
1342,no
1343,yes
1344,no
1345,no
1346,yes
1347,yes
1348,yes
1349,no
1350,yes
1351,yes
1352,no
1353,yes
1354,yes
1355,yes
1356,yes
1357,no
1358,yes
1359,yes
1360,no
1361,no
1362,no
1363,yes
1364,no
1365,no
1366,no
1367,no
1368,yes
1369,no
1370,yes
1371,yes
1372,no
1373,no
1374,yes
1375,yes
1376,yes
1377,yes
1378,yes
1379,yes
1380,no
1381,no
1382,yes
1383,no
1384,no
1385,no
1386,no
1387,no
1388,no
1389,no
1390,no
1391,yes
1392,no
1393,yes
1394,yes
1395,no
1396,no
1397,no
1398,no
1399,yes
1400,yes
1401,yes
1402,no
1403,yes
1404,yes
1405,no
1406,no
1407,no
1408,yes
1409,no
1410,yes
1411,no
1412,no
1413,yes
1414,no
1415,no
1416,no
1417,no
1418,no
1419,yes
1420,yes
1421,no
1422,no
1423,yes
1424,no
1425,yes
1426,no
1427,no
1428,yes
1429,no
1430,yes
1431,no
1432,yes
1433,no
1434,no
1435,yes
1436,yes
1437,no
1438,yes
1439,no
1440,yes
1441,no
1442,no
1443,yes
1444,no
1445,yes
1446,yes
1447,yes
1448,yes
1449,yes
1450,yes
1451,no
1452,yes
1453,yes
1454,yes
1455,yes
1456,no
1457,yes
1458,yes
1459,no
1460,yes
1461,no
1462,no
1463,no
1464,yes
1465,no
1466,no
1467,yes
1468,yes
1469,no
1470,no
1471,yes
1472,yes
1473,no
1474,yes
1475,yes
1476,yes
1477,no
1478,yes
1479,no
1480,yes
1481,no
1482,yes
1483,yes
1484,no
1485,yes
1486,yes
1487,no
1488,no
1489,yes
1490,no
1491,yes
1492,yes
1493,yes
1494,no
1495,yes
1496,no
1497,yes
1498,no
1499,yes
1500,no
1501,no
1502,yes
1503,no
1504,yes
1505,no
1506,no
1507,yes
1508,yes
1509,yes
1510,yes
1511,yes
1512,no
1513,no
1514,no
1515,no
1516,no
1517,yes
1518,yes
1519,yes
1520,yes
1521,yes
1522,yes
1523,no
1524,yes
1525,yes
1526,no
1527,no
1528,no
1529,no
1530,no
1531,yes
1532,no
1533,yes
1534,yes
1535,no
1536,yes
1537,yes
1538,yes
1539,no
1540,yes
1541,no
1542,no
1543,yes
1544,yes
1545,yes
1546,yes
1547,yes
1548,no
1549,yes
1550,yes
1551,no
1552,no
1553,no
1554,yes
1555,yes
1556,yes
1557,no
1558,yes
1559,yes
1560,no
1561,yes
1562,no
1563,yes
1564,yes
1565,no
1566,no
1567,no
1568,yes
1569,no
1570,yes
1571,yes
1572,no
1573,yes
1574,no
1575,yes
1576,no
1577,no
1578,yes
1579,yes
1580,yes
1581,yes
1582,no
1583,no
1584,yes
1585,yes
1586,no
1587,no
1588,yes
1589,no
1590,yes
1591,yes
1592,no
1593,yes
1594,yes
1595,no
1596,no
1597,yes
1598,no
1599,no
1600,no
1601,yes
1602,no
1603,no
1604,no
1605,yes
1606,no
1607,yes
1608,yes
1609,no
1610,yes
1611,no
1612,yes
1613,no
1614,yes
1615,yes
1616,yes
1617,yes
1618,yes
1619,yes
1620,no
1621,no
1622,no
1623,no
1624,no
1625,yes
1626,no
1627,no
1628,no
1629,no
1630,no
1631,no
1632,no
1633,no
1634,yes
1635,yes
1636,yes
1637,no
1638,yes
1639,no
1640,no
1641,yes
1642,no
1643,no
1644,no
1645,yes
1646,yes
1647,yes
1648,no
1649,no
1650,no
1651,no
1652,yes
1653,no
1654,no
1655,yes
1656,no
1657,no
1658,yes
1659,yes
1660,yes
1661,no
1662,yes
1663,no
1664,yes
1665,no
1666,yes
1667,no
1668,yes
1669,no
1670,no
1671,no
1672,yes
1673,no
1674,no
1675,yes
1676,no
1677,yes
1678,no
1679,yes
1680,no
1681,no
1682,yes
1683,no
1684,yes
1685,no
1686,yes
1687,no
1688,yes
1689,no
1690,no
1691,no
1692,yes
1693,no
1694,yes
1695,no
1696,yes
1697,yes
1698,yes
1699,yes
1700,yes
1701,yes
1702,yes
1703,yes
1704,no
1705,yes
1706,no
1707,no
1708,no
1709,yes
1710,yes
1711,yes
1712,no
1713,no
1714,yes
1715,no
1716,yes
1717,no
1718,no
1719,yes
1720,yes
1721,no
1722,no
1723,no
1724,yes
1725,no
1726,yes
1727,no
1728,no
1729,no
1730,no
1731,no
1732,yes
1733,yes
1734,no
1735,no
1736,no
1737,no
1738,no
1739,no
1740,yes
1741,no
1742,no
1743,no
1744,no
1745,yes
1746,yes
1747,yes
1748,no
1749,no
1750,yes
1751,no
1752,no
1753,no
1754,no
1755,yes
1756,no
1757,no
1758,no
1759,no
1760,no
1761,yes
1762,no
1763,yes
1764,no
1765,no
1766,yes
1767,no
1768,yes
1769,no
1770,no
1771,no
1772,no
1773,no
1774,yes
1775,no
1776,yes
1777,no
1778,no
1779,no
1780,no
1781,yes
1782,yes
1783,no
1784,yes
1785,no
1786,no
1787,yes
1788,no
1789,yes
1790,no
1791,yes
1792,no
1793,no
1794,no
1795,no
1796,no
1797,yes
1798,no
1799,yes
1800,yes
1801,no
1802,yes
1803,no
1804,no
1805,no
1806,no
1807,no
1808,no
1809,no
1810,no
1811,yes
1812,yes
1813,no
1814,yes
1815,yes
1816,yes
1817,no
1818,no
1819,no
1820,yes
1821,yes
1822,yes
1823,no
1824,yes
1825,yes
1826,yes
1827,no
1828,no
1829,yes
1830,yes
1831,yes
1832,yes
1833,no
1834,yes
1835,no
1836,no
1837,yes
1838,no
1839,yes
1840,yes
1841,yes
1842,no
1843,no
1844,yes
1845,no
1846,yes
1847,yes
1848,no
1849,yes
1850,no
1851,no
1852,no
1853,no
1854,yes
1855,no
1856,no
1857,no
1858,no
1859,no
1860,no
1861,no
1862,no
1863,yes
1864,yes
1865,yes
1866,no
1867,yes
1868,yes
1869,no
1870,no
1871,no
1872,yes
1873,yes
1874,no
1875,yes
1876,yes
1877,no
1878,yes
1879,no
1880,yes
1881,no
1882,no
1883,yes
1884,no
1885,yes
1886,yes
1887,yes
1888,yes
1889,yes
1890,no
1891,no
1892,yes
1893,no
1894,no
1895,no
1896,no
1897,yes
1898,yes
1899,no
1900,yes
1901,yes
1902,yes
1903,no
1904,no
1905,no
1906,yes
1907,yes
1908,no
1909,yes
1910,no
1911,no
1912,yes
1913,no
1914,no
1915,no
1916,yes
1917,yes
1918,yes
1919,no
1920,no
1921,no
1922,yes
1923,yes
1924,no
1925,no
1926,no
1927,no
1928,no
1929,yes
1930,yes
1931,yes
1932,yes
1933,yes
1934,yes
1935,no
1936,yes
1937,yes
1938,no
1939,no
1940,yes
1941,yes
1942,no
1943,no
1944,yes
1945,yes
1946,no
1947,no
1948,no
1949,no
1950,no
1951,yes
1952,no
1953,no
1954,no
1955,yes
1956,yes
1957,yes
1958,yes
1959,yes
1960,no
1961,yes
1962,no
1963,yes
1964,no
1965,yes
1966,yes
1967,yes
1968,yes
1969,yes
1970,yes
1971,no
1972,no
1973,no
1974,yes
1975,no
1976,no
1977,no
1978,no
1979,yes
1980,no
1981,no
1982,no
1983,no
1984,no
1985,no
1986,yes
1987,yes
1988,yes
1989,no
1990,no
1991,yes
1992,yes
1993,no
1994,yes
1995,yes
1996,no
1997,yes
1998,yes
1999,no
2000,yes
2001,no
2002,yes
2003,yes
2004,no
2005,yes
2006,no
2007,yes
2008,no
2009,no
2010,yes
2011,no
2012,no
2013,no
2014,no
2015,yes
2016,no
2017,no
2018,yes
2019,no
2020,yes
2021,yes
2022,yes
2023,no
2024,no
2025,no
2026,no
2027,no
2028,yes
2029,yes
2030,no
2031,no
2032,yes
2033,no
2034,yes
2035,no
2036,yes
2037,no
2038,no
2039,yes
2040,yes
2041,no
2042,yes
2043,yes
2044,no
2045,no
2046,yes
2047,no
2048,yes
2049,no
2050,no
2051,yes
2052,yes
2053,yes
2054,no
2055,yes
2056,no
2057,no
2058,no
2059,no
2060,yes
2061,no
2062,no
2063,no
2064,no
2065,yes
2066,yes
2067,no
2068,yes
2069,yes
2070,yes
2071,no
2072,no
2073,yes
2074,yes
2075,no
2076,no
2077,no
2078,no
2079,no
2080,yes
2081,no
2082,no
2083,no
2084,yes
2085,no
2086,no
2087,no
2088,yes
2089,no
2090,yes
2091,yes
2092,yes
2093,no
2094,yes
2095,yes
2096,yes
2097,yes
2098,yes
2099,yes
2100,no
2101,no
2102,no
2103,no
2104,no
2105,no
2106,no
2107,no
2108,no
2109,yes
2110,yes
2111,no
2112,no
2113,no
2114,no
2115,yes
2116,yes
2117,no
2118,no
2119,yes
2120,no
2121,yes
2122,yes
2123,yes
2124,yes
2125,no
2126,yes
2127,yes
2128,no
2129,yes
2130,no
2131,yes
2132,no
2133,no
2134,yes
2135,no
2136,no
2137,no
2138,yes
2139,no
2140,yes
2141,no
2142,yes
2143,no
2144,no
2145,yes
2146,no
2147,yes
2148,no
2149,no
2150,no
2151,no
2152,yes
2153,yes
2154,no
2155,yes
2156,no
2157,no
2158,no
2159,no
2160,no
2161,yes
2162,no
2163,no
2164,no
2165,yes
2166,no
2167,yes
2168,yes
2169,no
2170,yes
2171,no
2172,no
2173,no
2174,yes
2175,yes
2176,yes
2177,yes
2178,no
2179,yes
2180,no
2181,yes
2182,no
2183,no
2184,yes
2185,no
2186,yes
2187,no
2188,yes
2189,yes
2190,no
2191,no
2192,yes
2193,no
2194,no
2195,yes
2196,yes
2197,no
2198,yes
2199,no
2200,yes
2201,yes
2202,no
2203,yes
2204,yes
2205,no
2206,yes
2207,no
2208,yes
2209,no
2210,yes
2211,no
2212,yes
2213,yes
2214,no
2215,yes
2216,no
2217,yes
2218,yes
2219,no
2220,no
2221,no
2222,yes
2223,no
2224,yes
2225,no
2226,no
2227,no
2228,no
2229,yes
2230,no
2231,yes
2232,yes
2233,no
2234,no
2235,no
2236,no
2237,yes
2238,no
2239,yes
2240,no
2241,yes
2242,yes
2243,yes
2244,yes
2245,no
2246,no
2247,no
2248,no
2249,no
2250,no
2251,yes
2252,no
2253,yes
2254,yes
2255,no
2256,yes
2257,no
2258,yes
2259,no
2260,no
2261,yes
2262,no
2263,no
2264,no
2265,no
2266,no
2267,no
2268,no
2269,no
2270,no
2271,no
2272,no
2273,yes
2274,yes
2275,yes
2276,yes
2277,yes
2278,no
2279,yes
2280,yes
2281,no
2282,no
2283,no
2284,yes
2285,no
2286,yes
2287,yes
2288,no
2289,yes
2290,yes
2291,yes
2292,yes
2293,no
2294,yes
2295,no
2296,yes
2297,no
2298,no
2299,yes
2300,no
2301,no
2302,yes
2303,yes
2304,yes
2305,no
2306,yes
2307,yes
2308,no
2309,no
2310,yes
2311,yes
2312,yes
2313,no
2314,no
2315,yes
2316,yes
2317,yes
2318,yes
2319,yes
2320,no
2321,no
2322,no
2323,yes
2324,no
2325,no
2326,yes
2327,no
2328,no
2329,yes
2330,no
2331,yes
2332,yes
2333,yes
2334,no
2335,no
2336,no
2337,no
2338,yes
2339,yes
2340,no
2341,no
2342,no
2343,yes
2344,yes
2345,yes
2346,yes
2347,no
2348,yes
2349,no
2350,no
2351,no
2352,yes
2353,no
2354,yes
2355,no
2356,yes
2357,yes
2358,no
2359,no
2360,no
2361,no
2362,no
2363,yes
2364,no
2365,yes
2366,yes
2367,yes
2368,yes
2369,no
2370,no
2371,yes
2372,no
2373,yes
2374,yes
2375,yes
2376,yes
2377,no
2378,yes
2379,yes
2380,yes
2381,yes
2382,no
2383,no
2384,no
2385,yes
2386,yes
2387,no
2388,yes
2389,no
2390,no
2391,yes
2392,no
2393,no
2394,yes
2395,no
2396,no
2397,yes
2398,no
2399,no
2400,no
2401,yes
2402,no
2403,yes
2404,no
2405,no
2406,yes
2407,yes
2408,yes
2409,no
2410,no
2411,no
2412,yes
2413,no
2414,no
2415,no
2416,no
2417,yes
2418,no
2419,no
2420,no
2421,yes
2422,yes
2423,no
2424,no
2425,yes
2426,no
2427,no
2428,yes
2429,yes
2430,yes
2431,no
2432,no
2433,no
2434,yes
2435,yes
2436,yes
2437,no
2438,no
2439,yes
2440,no
2441,no
2442,no
2443,yes
2444,no
2445,yes
2446,yes
2447,no
2448,no
2449,yes
2450,yes
2451,no
2452,no
2453,no
2454,yes
2455,no
2456,yes
2457,yes
2458,no
2459,yes
2460,yes
2461,no
2462,yes
2463,no
2464,no
2465,yes
2466,no
2467,no
2468,no
2469,no
2470,yes
2471,no
2472,no
2473,yes
2474,yes
2475,yes
2476,no
2477,no
2478,no
2479,yes
2480,no
2481,no
2482,yes
2483,yes
2484,no
2485,no
2486,no
2487,no
2488,yes
2489,no
2490,no
2491,yes
2492,no
2493,yes
2494,yes
2495,no
2496,no
2497,yes
2498,yes
2499,yes
2500,no
2501,yes
2502,no
2503,no
2504,yes
2505,no
2506,no
2507,no
2508,yes
2509,no
2510,yes
2511,no
2512,no
2513,yes
2514,no
2515,yes
2516,no
2517,yes
2518,no
2519,no
2520,no
2521,no
2522,yes
2523,no
2524,no
2525,no
2526,no
2527,yes
2528,no
2529,no
2530,yes
2531,no
2532,no
2533,yes
2534,yes
2535,yes
2536,no
2537,no
2538,no
2539,no
2540,yes
2541,no
2542,no
2543,no
2544,yes
2545,yes
2546,no
2547,yes
2548,no
2549,no
2550,yes
2551,no
2552,no
2553,yes
2554,yes
2555,no
2556,yes
2557,yes
2558,yes
2559,yes
2560,yes
2561,yes
2562,yes
2563,yes
2564,no
2565,no
2566,yes
2567,no
2568,yes
2569,yes
2570,no
2571,no
2572,no
2573,yes
2574,no
2575,no
2576,yes
2577,no
2578,yes
2579,no
2580,no
2581,yes
2582,no
2583,no
2584,no
2585,yes
2586,no
2587,no
2588,yes
2589,no
2590,no
2591,no
2592,yes
2593,no
2594,no
2595,no
2596,yes
2597,yes
2598,no
2599,no
2600,yes
2601,no
2602,no
2603,yes
2604,no
2605,yes
2606,yes
2607,no
2608,yes
2609,yes
2610,no
2611,yes
2612,yes
2613,no
2614,yes
2615,yes
2616,no
2617,yes
2618,no
2619,no
2620,no
2621,yes
2622,no
2623,yes
2624,yes
2625,no
2626,no
2627,yes
2628,no
2629,no
2630,yes
2631,no
2632,no
2633,yes
2634,no
2635,yes
2636,no
2637,no
2638,no
2639,no
2640,no
2641,yes
2642,no
2643,yes
2644,yes
2645,yes
2646,no
2647,yes
2648,no
2649,no
2650,no
2651,no
2652,no
2653,no
2654,yes
2655,no
2656,no
2657,no
2658,no
2659,yes
2660,no
2661,no
2662,no
2663,no
2664,yes
2665,yes
2666,no
2667,yes
2668,no
2669,yes
2670,no
2671,yes
2672,yes
2673,yes
2674,no
2675,yes
2676,no
2677,yes
2678,yes
2679,no
2680,yes
2681,no
2682,yes
2683,yes
2684,yes
2685,yes
2686,no
2687,no
2688,no
2689,no
2690,no
2691,no
2692,no
2693,yes
2694,no
2695,yes
2696,no
2697,no
2698,yes
2699,no
2700,no
2701,no
2702,yes
2703,yes
2704,yes
2705,no
2706,no
2707,yes
2708,yes
2709,no
2710,yes
2711,yes
2712,no
2713,yes
2714,no
2715,yes
2716,no
2717,yes
2718,yes
2719,yes
2720,yes
2721,no
2722,no
2723,no
2724,no
2725,no
2726,no
2727,no
2728,yes
2729,yes
2730,yes
2731,no
2732,no
2733,no
2734,yes
2735,no
2736,no
2737,yes
2738,no
2739,no
2740,no
2741,no
2742,no
2743,yes
2744,no
2745,yes
2746,no
2747,yes
2748,no
2749,yes
2750,no
2751,no
2752,yes
2753,no
2754,yes
2755,no
2756,no
2757,no
2758,no
2759,no
2760,yes
2761,no
2762,yes
2763,yes
2764,yes
2765,yes
2766,no
2767,yes
2768,no
2769,no
2770,no
2771,no
2772,no
2773,yes
2774,no
2775,no
2776,no
2777,no
2778,no
2779,no
2780,no
2781,no
2782,no
2783,yes
2784,no
2785,no
2786,yes
2787,no
2788,no
2789,no
2790,yes
2791,no
2792,yes
2793,no
2794,no
2795,yes
2796,no
2797,no
2798,yes
2799,no
2800,yes
2801,no
2802,yes
2803,no
2804,yes
2805,no
2806,no
2807,yes
2808,no
2809,no
2810,no
2811,no
2812,no
2813,no
2814,yes
2815,yes
2816,yes
2817,yes
2818,no
2819,no
2820,yes
2821,no
2822,yes
2823,no
2824,no
2825,no
2826,no
2827,yes
2828,no
2829,no
2830,yes
2831,no
2832,no
2833,yes
2834,yes
2835,no
2836,no
2837,yes
2838,no
2839,no
2840,yes
2841,yes
2842,no
2843,no
2844,no
2845,no
2846,no
2847,yes
2848,no
2849,yes
2850,yes
2851,no
2852,no
2853,yes
2854,yes
2855,no
2856,yes
2857,no
2858,no
2859,no
2860,yes
2861,no
2862,no
2863,no
2864,yes
2865,no
2866,no
2867,no
2868,yes
2869,yes
2870,no
2871,yes
2872,yes
2873,no
2874,yes
2875,yes
2876,no
2877,yes
2878,yes
2879,yes
2880,no
2881,no
2882,no
2883,no
2884,no
2885,no
2886,no
2887,no
2888,yes
2889,yes
2890,no
2891,yes
2892,yes
2893,no
2894,yes
2895,yes
2896,no
2897,no
2898,no
2899,no
2900,yes
2901,no
2902,no
2903,no
2904,no
2905,no
2906,no
2907,no
2908,yes
2909,no
2910,no
2911,no
2912,yes
2913,no
2914,no
2915,yes
2916,no
2917,yes
2918,no
2919,no
2920,yes
2921,no
2922,no
2923,no
2924,yes
2925,yes
2926,no
2927,yes
2928,no
2929,no
2930,no
2931,yes
2932,yes
2933,no
2934,yes
2935,yes
2936,yes
2937,yes
2938,no
2939,no
2940,no
2941,yes
2942,no
2943,no
2944,yes
2945,no
2946,no
2947,no
2948,no
2949,yes
2950,yes
2951,yes
2952,no
2953,no
2954,no
2955,yes
2956,no
2957,no
2958,no
2959,no
2960,no
2961,yes
2962,yes
2963,yes
2964,no
2965,no
2966,no
2967,yes
2968,no
2969,no
2970,no
2971,yes
2972,no
2973,no
2974,yes
2975,yes
2976,no
2977,yes
2978,yes
2979,no
2980,yes
2981,no
2982,no
2983,no
2984,no
2985,no
2986,yes
2987,yes
2988,yes
2989,no
2990,no
2991,yes
2992,no
2993,no
2994,yes
2995,no
2996,no
2997,yes
2998,no
2999,no
3000,no
3001,no
3002,no
3003,no
3004,yes
3005,yes
3006,no
3007,yes
3008,no
3009,no
3010,yes
3011,yes
3012,yes
3013,yes
3014,no
3015,yes
3016,no
3017,no
3018,yes
3019,no
3020,yes
3021,no
3022,no
3023,yes
3024,yes
3025,yes
3026,yes
3027,yes
3028,no
3029,yes
3030,no
3031,no
3032,no
3033,yes
3034,yes
3035,no
3036,yes
3037,yes
3038,no
3039,yes
3040,no
3041,no
3042,no
3043,yes
3044,no
3045,no
3046,yes
3047,no
3048,yes
3049,no
3050,yes
3051,no
3052,no
3053,yes
3054,yes
3055,yes
3056,yes
3057,yes
3058,yes
3059,yes
3060,no
3061,no
3062,no
3063,no
3064,yes
3065,no
3066,yes
3067,yes
3068,yes
3069,no
3070,yes
3071,no
3072,no
3073,no
3074,no
3075,no
3076,no
3077,yes
3078,no
3079,yes
3080,no
3081,yes
3082,yes
3083,no
3084,yes
3085,no
3086,yes
3087,no
3088,no
3089,yes
3090,no
3091,no
3092,yes
3093,no
3094,no
3095,yes
3096,no
3097,yes
3098,yes
3099,yes
3100,no
3101,yes
3102,no
3103,yes
3104,yes
3105,no
3106,no
3107,yes
3108,yes
3109,yes
3110,no
3111,yes
3112,no
3113,no
3114,yes
3115,yes
3116,yes
3117,yes
3118,yes
3119,no
3120,yes
3121,yes
3122,no
3123,no
3124,no
3125,yes
3126,no
3127,no
3128,no
3129,yes
3130,yes
3131,no
3132,yes
3133,no
3134,no
3135,no
3136,no
3137,no
3138,no
3139,no
3140,yes
3141,no
3142,no
3143,no
3144,no
3145,yes
3146,yes
3147,no
3148,yes
3149,no
3150,no
3151,yes
3152,yes
3153,yes
3154,no
3155,no
3156,yes
3157,no
3158,no
3159,yes
3160,yes
3161,no
3162,yes
3163,yes
3164,yes
3165,yes
3166,yes
3167,no
3168,no
3169,no
3170,no
3171,no
3172,no
3173,yes
3174,yes
3175,yes
3176,yes
3177,no
3178,yes
3179,yes
3180,no
3181,yes
3182,no
3183,no
3184,no
3185,no
3186,no
3187,yes
3188,no
3189,no
3190,yes
3191,yes
3192,no
3193,yes
3194,yes
3195,no
3196,no
3197,no
3198,no
3199,yes
3200,yes
3201,no
3202,no
3203,yes
3204,yes
3205,yes
3206,no
3207,no
3208,no
3209,no
3210,no
3211,yes
3212,no
3213,yes
3214,no
3215,no
3216,no
3217,no
3218,no
3219,yes
3220,no
3221,yes
3222,yes
3223,yes
3224,yes
3225,no
3226,yes
3227,no
3228,no
3229,yes
3230,no
3231,no
3232,no
3233,no
3234,yes
3235,yes
3236,no
3237,no
3238,no
3239,yes
3240,no
3241,yes
3242,yes
3243,no
3244,no
3245,yes
3246,no
3247,yes
3248,yes
3249,yes
3250,no
3251,no
3252,yes
3253,yes
3254,no
3255,no
3256,no
3257,yes
3258,yes
3259,no
3260,yes
3261,yes
3262,no
3263,no
3264,no
3265,no
3266,yes
3267,yes
3268,yes
3269,yes
3270,no
3271,no
3272,yes
3273,no
3274,no
3275,yes
3276,no
3277,no
3278,yes
3279,no
3280,no
3281,yes
3282,no
3283,no
3284,yes
3285,no
3286,yes
3287,yes
3288,yes
3289,no
3290,yes
3291,yes
3292,no
3293,yes
3294,no
3295,no
3296,no
3297,yes
3298,yes
3299,no
3300,yes
3301,yes
3302,no
3303,no
3304,no
3305,no
3306,no
3307,no
3308,yes
3309,yes
3310,yes
3311,yes
3312,no
3313,no
3314,yes
3315,yes
3316,yes
3317,yes
3318,yes
3319,no
3320,no
3321,yes
3322,yes
3323,no
3324,no
3325,no
3326,yes
3327,yes
3328,no
3329,yes
3330,no
3331,no
3332,yes
3333,yes
3334,no
3335,no
3336,yes
3337,yes
3338,no
3339,no
3340,no
3341,yes
3342,no
3343,yes
3344,yes
3345,no
3346,no
3347,yes
3348,yes
3349,no
3350,no
3351,no
3352,yes
3353,no
3354,yes
3355,no
3356,no
3357,no
3358,no
3359,yes
3360,no
3361,yes
3362,yes
3363,yes
3364,no
3365,no
3366,yes
3367,no
3368,yes
3369,yes
3370,no
3371,yes
3372,yes
3373,yes
3374,no
3375,yes
3376,no
3377,yes
3378,no
3379,yes
3380,yes
3381,yes
3382,yes
3383,no
3384,no
3385,no
3386,yes
3387,yes
3388,no
3389,no
3390,yes
3391,yes
3392,no
3393,yes
3394,no
3395,no
3396,no
3397,no
3398,yes
3399,yes
3400,no
3401,no
3402,yes
3403,no
3404,yes
3405,no
3406,yes
3407,no
3408,no
3409,no
3410,yes
3411,no
3412,no
3413,no
3414,no
3415,yes
3416,yes
3417,no
3418,no
3419,no
3420,no
3421,no
3422,yes
3423,no
3424,no
3425,no
3426,no
3427,no
3428,no
3429,no
3430,yes
3431,no
3432,no
3433,yes
3434,no
3435,no
3436,yes
3437,yes
3438,no
3439,no
3440,no
3441,yes
3442,yes
3443,no
3444,no
3445,no
3446,no
3447,no
3448,no
3449,yes
3450,no
3451,no
3452,yes
3453,no
3454,no
3455,no
3456,no
3457,no
3458,no
3459,no
3460,no
3461,no
3462,no
3463,yes
3464,yes
3465,yes
3466,yes
3467,no
3468,no
3469,yes
3470,yes
3471,yes
3472,no
3473,no
3474,yes
3475,no
3476,yes
3477,no
3478,no
3479,yes
3480,yes
3481,no
3482,no
3483,no
3484,no
3485,no
3486,no
3487,no
3488,no
3489,yes
3490,no
3491,no
3492,no
3493,no
3494,no
3495,no
3496,no
3497,yes
3498,no
3499,yes
3500,yes
3501,yes
3502,no
3503,yes
3504,yes
3505,yes
3506,yes
3507,no
3508,yes
3509,no
3510,no
3511,no
3512,yes
3513,no
3514,yes
3515,no
3516,no
3517,yes
3518,no
3519,yes
3520,no
3521,no
3522,yes
3523,yes
3524,no
3525,yes
3526,yes
3527,no
3528,yes
3529,no
3530,no
3531,yes
3532,yes
3533,no
3534,yes
3535,yes
3536,yes
3537,yes
3538,yes
3539,no
3540,no
3541,yes
3542,yes
3543,yes
3544,yes
3545,no
3546,no
3547,no
3548,yes
3549,no
3550,yes
3551,no
3552,no
3553,yes
3554,yes
3555,no
3556,no
3557,yes
3558,yes
3559,no
3560,no
3561,no
3562,yes
3563,yes
3564,yes
3565,no
3566,no
3567,no
3568,yes
3569,yes
3570,yes
3571,yes
3572,yes
3573,no
3574,no
3575,no
3576,yes
3577,no
3578,no
3579,no
3580,no
3581,no
3582,no
3583,yes
3584,no
3585,yes
3586,no
3587,no
3588,yes
3589,no
3590,yes
3591,no
3592,no
3593,no
3594,no
3595,no
3596,yes
3597,yes
3598,yes
3599,no
3600,no
3601,no
3602,no
3603,yes
3604,yes
3605,yes
3606,yes
3607,yes
3608,yes
3609,yes
3610,yes
3611,yes
3612,yes
3613,no
3614,yes
3615,no
3616,no
3617,no
3618,no
3619,no
3620,yes
3621,yes
3622,no
3623,yes
3624,no
3625,no
3626,no
3627,no
3628,no
3629,no
3630,no
3631,no
3632,yes
3633,no
3634,yes
3635,no
3636,no
3637,no
3638,yes
3639,no
3640,no
3641,yes
3642,no
3643,yes
3644,no
3645,yes
3646,yes
3647,no
3648,yes
3649,no
3650,no
3651,yes
3652,no
3653,yes
3654,yes
3655,no
3656,no
3657,no
3658,no
3659,no
3660,no
3661,yes
3662,no
3663,yes
3664,no
3665,no
3666,no
3667,no
3668,yes
3669,no
3670,no
3671,yes
3672,yes
3673,no
3674,no
3675,no
3676,yes
3677,yes
3678,no
3679,no
3680,no
3681,yes
3682,no
3683,yes
3684,yes
3685,no
3686,yes
3687,no
3688,no
3689,yes
3690,no
3691,no
3692,yes
3693,no
3694,no
3695,yes
3696,no
3697,no
3698,yes
3699,yes
3700,no
3701,no
3702,no
3703,no
3704,yes
3705,no
3706,no
3707,no
3708,yes
3709,yes
3710,yes
3711,yes
3712,no
3713,yes
3714,no
3715,no
3716,no
3717,yes
3718,no
3719,yes
3720,no
3721,no
3722,yes
3723,no
3724,no
3725,yes
3726,no
3727,yes
3728,yes
3729,no
3730,no
3731,yes
3732,yes
3733,no
3734,yes
3735,no
3736,no
3737,no
3738,no
3739,no
3740,yes
3741,no
3742,no
3743,no
3744,no
3745,no
3746,no
3747,yes
3748,yes
3749,no
3750,yes
3751,no
3752,yes
3753,yes
3754,no
3755,no
3756,yes
3757,yes
3758,no
3759,no
3760,yes
3761,no
3762,yes
3763,no
3764,no
3765,no
3766,yes
3767,yes
3768,no
3769,yes
3770,yes
3771,yes
3772,no
3773,no
3774,no
3775,yes
3776,yes
3777,yes
3778,yes
3779,yes
3780,no
3781,yes
3782,no
3783,yes
3784,yes
3785,no
3786,yes
3787,no
3788,no
3789,yes
3790,no
3791,no
3792,no
3793,yes
3794,no
3795,yes
3796,yes
3797,yes
3798,no
3799,yes
3800,no
3801,yes
3802,no
3803,no
3804,yes
3805,yes
3806,yes
3807,no
3808,no
3809,no
3810,no
3811,no
3812,no
3813,yes
3814,yes
3815,yes
3816,yes
3817,no
3818,no
3819,no
3820,no
3821,no
3822,no
3823,no
3824,no
3825,no
3826,no
3827,no
3828,no
3829,yes
3830,no
3831,yes
3832,no
3833,no
3834,yes
3835,no
3836,no
3837,yes
3838,yes
3839,yes
3840,no
3841,yes
3842,yes
3843,no
3844,no
3845,no
3846,no
3847,yes
3848,no
3849,no
3850,no
3851,yes
3852,no
3853,yes
3854,yes
3855,yes
3856,no
3857,no
3858,yes
3859,yes
3860,no
3861,no
3862,no
3863,no
3864,yes
3865,no
3866,yes
3867,yes
3868,no
3869,yes
3870,yes
3871,no
3872,no
3873,no
3874,yes
3875,no
3876,yes
3877,yes
3878,yes
3879,no
3880,no
3881,yes
3882,yes
3883,no
3884,yes
3885,yes
3886,no
3887,no
3888,no
3889,yes
3890,no
3891,no
3892,no
3893,no
3894,no
3895,no
3896,no
3897,no
3898,yes
3899,no
3900,no
3901,no
3902,yes
3903,yes
3904,yes
3905,yes
3906,yes
3907,no
3908,no
3909,yes
3910,yes
3911,yes
3912,no
3913,no
3914,yes
3915,no
3916,yes
3917,yes
3918,yes
3919,no
3920,no
3921,no
3922,no
3923,yes
3924,yes
3925,no
3926,yes
3927,no
3928,yes
3929,yes
3930,no
3931,yes
3932,no
3933,no
3934,no
3935,no
3936,yes
3937,yes
3938,no
3939,yes
3940,yes
3941,yes
3942,yes
3943,no
3944,no
3945,no
3946,no
3947,yes
3948,yes
3949,yes
3950,yes
3951,no
3952,no
3953,yes
3954,no
3955,yes
3956,yes
3957,yes
3958,yes
3959,yes
3960,yes
3961,no
3962,yes
3963,no
3964,yes
3965,yes
3966,yes
3967,no
3968,no
3969,yes
3970,no
3971,no
3972,no
3973,no
3974,yes
3975,no
3976,no
3977,no
3978,no
3979,no
3980,no
3981,no
3982,yes
3983,yes
3984,no
3985,no
3986,yes
3987,yes
3988,yes
3989,yes
3990,no
3991,yes
3992,no
3993,yes
3994,no
3995,no
3996,yes
3997,no
3998,no
3999,no
4000,no
4001,yes
4002,no
4003,yes
4004,yes
4005,no
4006,yes
4007,no
4008,no
4009,no
4010,yes
4011,no
4012,no
4013,yes
4014,no
4015,no
4016,no
4017,no
4018,no
4019,no
4020,no
4021,yes
4022,no
4023,no
4024,yes
4025,no
4026,yes
4027,no
4028,no
4029,no
4030,no
4031,yes
4032,yes
4033,no
4034,no
4035,no
4036,yes
4037,yes
4038,no
4039,yes
4040,yes
4041,no
4042,no
4043,no
4044,yes
4045,no
4046,no
4047,no
4048,no
4049,no
4050,no
4051,no
4052,no
4053,no
4054,yes
4055,no
4056,no
4057,yes
4058,no
4059,no
4060,no
4061,no
4062,no
4063,no
4064,yes
4065,no
4066,no
4067,no
4068,no
4069,yes
4070,no
4071,yes
4072,no
4073,yes
4074,no
4075,no
4076,no
4077,no
4078,yes
4079,yes
4080,no
4081,yes
4082,no
4083,yes
4084,no
4085,yes
4086,yes
4087,yes
4088,no
4089,yes
4090,yes
4091,no
4092,no
4093,yes
4094,no
4095,yes
4096,no
4097,yes
4098,no
4099,no
4100,yes
4101,no
4102,no
4103,yes
4104,no
4105,no
4106,yes
4107,yes
4108,yes
4109,yes
4110,yes
4111,yes
4112,no
4113,yes
4114,no
4115,no
4116,yes
4117,yes
4118,no
4119,yes
4120,no
4121,no
4122,yes
4123,no
4124,yes
4125,yes
4126,no
4127,no
4128,no
4129,no
4130,no
4131,no
4132,no
4133,yes
4134,no
4135,yes
4136,no
4137,yes
4138,yes
4139,no
4140,no
4141,yes
4142,no
4143,no
4144,yes
4145,yes
4146,yes
4147,no
4148,no
4149,yes
4150,no
4151,yes
4152,no
4153,no
4154,no
4155,no
4156,yes
4157,no
4158,no
4159,no
4160,yes
4161,no
4162,no
4163,yes
4164,yes
4165,yes
4166,no
4167,no
4168,no
4169,yes
4170,no
4171,no
4172,yes
4173,no
4174,no
4175,no
4176,yes
4177,yes
4178,yes
4179,yes
4180,yes
4181,no
4182,yes
4183,yes
4184,no
4185,yes
4186,yes
4187,no
4188,no
4189,yes
4190,no
4191,no
4192,yes
4193,no
4194,yes
4195,yes
4196,no
4197,yes
4198,yes
4199,yes
4200,no
4201,yes
4202,no
4203,yes
4204,no
4205,yes
4206,no
4207,yes
4208,yes
4209,no
4210,yes
4211,no
4212,no
4213,no
4214,yes
4215,no
4216,yes
4217,yes
4218,no
4219,no
4220,yes
4221,yes
4222,no
4223,yes
4224,yes
4225,yes
4226,yes
4227,no
4228,no
4229,no
4230,no
4231,no
4232,no
4233,no
4234,yes
4235,no
4236,no
4237,no
4238,no
4239,yes
4240,no
4241,no
4242,yes
4243,yes
4244,yes
4245,yes
4246,yes
4247,no
4248,yes
4249,yes
4250,yes
4251,yes
4252,yes
4253,no
4254,no
4255,yes
4256,no
4257,no
4258,no
4259,yes
4260,yes
4261,yes
4262,yes
4263,no
4264,no
4265,yes
4266,no
4267,no
4268,no
4269,yes
4270,yes
4271,yes
4272,yes
4273,no
4274,no
4275,no
4276,yes
4277,yes
4278,no
4279,yes
4280,yes
4281,no
4282,no
4283,yes
4284,no
4285,yes
4286,yes
4287,no
4288,no
4289,yes
4290,no
4291,yes
4292,no
4293,yes
4294,no
4295,no
4296,no
4297,no
4298,yes
4299,no
4300,yes
4301,no
4302,no
4303,yes
4304,yes
4305,no
4306,yes
4307,no
4308,yes
4309,yes
4310,yes
4311,no
4312,no
4313,yes
4314,no
4315,no
4316,no
4317,yes
4318,no
4319,yes
4320,yes
4321,no
4322,no
4323,yes
4324,no
4325,yes
4326,no
4327,no
4328,no
4329,yes
4330,yes
4331,no
4332,yes
4333,no
4334,yes
4335,no
4336,no
4337,yes
4338,no
4339,no
4340,yes
4341,no
4342,no
4343,no
4344,yes
4345,no
4346,no
4347,no
4348,no
4349,yes
4350,no
4351,no
4352,yes
4353,yes
4354,no
4355,no
4356,no
4357,yes
4358,no
4359,yes
4360,yes
4361,no
4362,no
4363,yes
4364,yes
4365,yes
4366,yes
4367,no
4368,yes
4369,yes
4370,no
4371,yes
4372,yes
4373,no
4374,no
4375,no
4376,no
4377,no
4378,yes
4379,no
4380,yes
4381,yes
4382,yes
4383,no
4384,no
4385,yes
4386,no
4387,yes
4388,no
4389,no
4390,no
4391,yes
4392,yes
4393,no
4394,yes
4395,yes
4396,yes
4397,no
4398,no
4399,no
4400,yes
4401,no
4402,no
4403,no
4404,no
4405,no
4406,no
4407,no
4408,no
4409,no
4410,yes
4411,yes
4412,no
4413,no
4414,yes
4415,no
4416,no
4417,yes
4418,no
4419,yes
4420,no
4421,yes
4422,yes
4423,yes
4424,no
4425,no
4426,yes
4427,yes
4428,no
4429,no
4430,yes
4431,no
4432,yes
4433,yes
4434,no
4435,no
4436,no
4437,no
4438,yes
4439,yes
4440,no
4441,no
4442,yes
4443,no
4444,no
4445,yes
4446,no
4447,no
4448,yes
4449,yes
4450,yes
4451,no
4452,no
4453,no
4454,yes
4455,yes
4456,no
4457,no
4458,yes
4459,no
4460,yes
4461,yes
4462,no
4463,no
4464,yes
4465,yes
4466,yes
4467,no
4468,yes
4469,no
4470,no
4471,no
4472,yes
4473,yes
4474,yes
4475,yes
4476,no
4477,no
4478,no
4479,no
4480,no
4481,no
4482,yes
4483,no
4484,no
4485,yes
4486,no
4487,yes
4488,yes
4489,no
4490,no
4491,yes
4492,yes
4493,no
4494,yes
4495,yes
4496,yes
4497,yes
4498,no
4499,yes
4500,yes
4501,yes
4502,no
4503,no
4504,yes
4505,no
4506,no
4507,no
4508,no
4509,no
4510,no
4511,no
4512,yes
4513,no
4514,yes
4515,no
4516,no
4517,no
4518,yes
4519,no
4520,no
4521,no
4522,no
4523,no
4524,yes
4525,no
4526,no
4527,yes
4528,no
4529,yes
4530,yes
4531,yes
4532,yes
4533,no
4534,no
4535,yes
4536,no
4537,no
4538,yes
4539,no
4540,yes
4541,yes
4542,yes
4543,yes
4544,no
4545,yes
4546,yes
4547,no
4548,no
4549,no
4550,no
4551,no
4552,no
4553,no
4554,no
4555,no
4556,yes
4557,yes
4558,yes
4559,no
4560,no
4561,yes
4562,yes
4563,no
4564,yes
4565,yes
4566,yes
4567,no
4568,yes
4569,yes
4570,yes
4571,no
4572,no
4573,yes
4574,yes
4575,yes
4576,no
4577,yes
4578,yes
4579,yes
4580,no
4581,no
4582,no
4583,yes
4584,no
4585,yes
4586,yes
4587,no
4588,yes
4589,no
4590,no
4591,yes
4592,yes
4593,no
4594,no
4595,yes
4596,yes
4597,no
4598,yes
4599,no
4600,yes
4601,no
4602,yes
4603,yes
4604,no
4605,no
4606,yes
4607,yes
4608,no
4609,no
4610,yes
4611,yes
4612,no
4613,yes
4614,yes
4615,yes
4616,no
4617,yes
4618,no
4619,yes
4620,no
4621,yes
4622,no
4623,no
4624,no
4625,yes
4626,yes
4627,yes
4628,yes
4629,no
4630,no
4631,no
4632,no
4633,no
4634,yes
4635,no
4636,no
4637,no
4638,no
4639,no
4640,no
4641,no
4642,no
4643,yes
4644,yes
4645,yes
4646,no
4647,no
4648,no
4649,no
4650,no
4651,yes
4652,no
4653,yes
4654,no
4655,no
4656,yes
4657,no
4658,yes
4659,yes
4660,yes
4661,yes
4662,yes
4663,yes
4664,yes
4665,no
4666,yes
4667,yes
4668,no
4669,yes
4670,yes
4671,yes
4672,yes
4673,yes
4674,no
4675,no
4676,no
4677,no
4678,no
4679,yes
4680,yes
4681,no
4682,no
4683,yes
4684,no
4685,no
4686,yes
4687,yes
4688,no
4689,yes
4690,no
4691,yes
4692,yes
4693,no
4694,no
4695,yes
4696,yes
4697,no
4698,no
4699,no
4700,no
4701,yes
4702,yes
4703,yes
4704,no
4705,no
4706,no
4707,no
4708,yes
4709,yes
4710,yes
4711,no
4712,yes
4713,no
4714,yes
4715,no
4716,no
4717,no
4718,no
4719,no
4720,no
4721,no
4722,yes
4723,yes
4724,no
4725,yes
4726,yes
4727,yes
4728,no
4729,no
4730,no
4731,no
4732,yes
4733,no
4734,no
4735,yes
4736,no
4737,no
4738,no
4739,yes
4740,no
4741,yes
4742,no
4743,no
4744,yes
4745,yes
4746,no
4747,yes
4748,no
4749,yes
4750,no
4751,no
4752,no
4753,yes
4754,no
4755,yes
4756,no
4757,yes
4758,yes
4759,no
4760,yes
4761,no
4762,no
4763,no
4764,no
4765,yes
4766,no
4767,no
4768,no
4769,yes
4770,no
4771,no
4772,yes
4773,yes
4774,yes
4775,yes
4776,yes
4777,no
4778,no
4779,no
4780,yes
4781,yes
4782,no
4783,no
4784,no
4785,yes
4786,no
4787,no
4788,yes
4789,yes
4790,yes
4791,yes
4792,no
4793,no
4794,yes
4795,no
4796,no
4797,no
4798,yes
4799,no
4800,yes
4801,yes
4802,no
4803,no
4804,no
4805,no
4806,yes
4807,yes
4808,yes
4809,yes
4810,no
4811,no
4812,no
4813,no
4814,no
4815,yes
4816,yes
4817,no
4818,yes
4819,yes
4820,no
4821,no
4822,yes
4823,yes
4824,no
4825,no
4826,yes
4827,no
4828,yes
4829,yes
4830,no
4831,no
4832,yes
4833,no
4834,yes
4835,no
4836,no
4837,no
4838,no
4839,no
4840,yes
4841,yes
4842,no
4843,no
4844,no
4845,yes
4846,yes
4847,no
4848,yes
4849,yes
4850,no
4851,no
4852,no
4853,no
4854,yes
4855,yes
4856,no
4857,yes
4858,no
4859,no
4860,yes
4861,no
4862,yes
4863,yes
4864,yes
4865,no
4866,no
4867,yes
4868,yes
4869,yes
4870,no
4871,no
4872,yes
4873,no
4874,no
4875,no
4876,yes
4877,no
4878,no
4879,no
4880,no
4881,no
4882,no
4883,yes
4884,no
4885,no
4886,yes
4887,yes
4888,no
4889,no
4890,no
4891,no
4892,yes
4893,no
4894,yes
4895,yes
4896,no
4897,no
4898,no
4899,no
4900,no
4901,no
4902,no
4903,yes
4904,yes
4905,yes
4906,no
4907,no
4908,yes
4909,no
4910,no
4911,yes
4912,yes
4913,yes
4914,yes
4915,no
4916,yes
4917,no
4918,no
4919,yes
4920,yes
4921,yes
4922,no
4923,yes
4924,yes
4925,no
4926,no
4927,yes
4928,no
4929,no
4930,yes
4931,no
4932,no
4933,yes
4934,yes
4935,yes
4936,no
4937,no
4938,yes
4939,yes
4940,no
4941,no
4942,yes
4943,no
4944,no
4945,yes
4946,no
4947,yes
4948,no
4949,yes
4950,yes
4951,yes
4952,yes
4953,yes
4954,yes
4955,yes
4956,yes
4957,no
4958,yes
4959,no
4960,no
4961,yes
4962,no
4963,yes
4964,no
4965,no
4966,yes
4967,yes
4968,yes
4969,yes
4970,no
4971,no
4972,yes
4973,yes
4974,no
4975,yes
4976,yes
4977,yes
4978,yes
4979,no
4980,no
4981,no
4982,no
4983,yes
4984,no
4985,yes
4986,no
4987,yes
4988,no
4989,no
4990,yes
4991,no
4992,no
4993,yes
4994,no
4995,no
4996,no
4997,no
4998,yes
4999,yes
5000,no
5001,yes
5002,yes
5003,no
5004,no
5005,no
5006,no
5007,yes
5008,yes
5009,no
5010,no
5011,no
5012,yes
5013,yes
5014,yes
5015,yes
5016,no
5017,yes
5018,yes
5019,yes
5020,no
5021,no
5022,yes
5023,yes
5024,yes
5025,yes
5026,no
5027,no
5028,no
5029,no
5030,yes
5031,no
5032,yes
5033,no
5034,yes
5035,no
5036,no
5037,yes
5038,yes
5039,yes
5040,no
5041,no
5042,yes
5043,no
5044,no
5045,yes
5046,yes
5047,yes
5048,yes
5049,yes
5050,yes
5051,no
5052,no
5053,no
5054,no
5055,yes
5056,yes
5057,yes
5058,no
5059,yes
5060,no
5061,no
5062,yes
5063,yes
5064,no
5065,no
5066,no
5067,no
5068,yes
5069,no
5070,no
5071,yes
5072,no
5073,yes
5074,no
5075,yes
5076,no
5077,yes
5078,no
5079,yes
5080,yes
5081,no
5082,no
5083,yes
5084,no
5085,no
5086,yes
5087,no
5088,yes
5089,no
5090,no
5091,no
5092,yes
5093,yes
5094,no
5095,no
5096,no
5097,no
5098,yes
5099,yes
5100,yes
5101,yes
5102,yes
5103,yes
5104,no
5105,no
5106,no
5107,no
5108,no
5109,no
5110,yes
5111,yes
5112,yes
5113,yes
5114,no
5115,no
5116,yes
5117,no
5118,no
5119,yes
5120,yes
5121,no
5122,no
5123,no
5124,yes
5125,no
5126,yes
5127,no
5128,no
5129,yes
5130,no
5131,no
5132,yes
5133,no
5134,no
5135,yes
5136,yes
5137,yes
5138,no
5139,no
5140,yes
5141,no
5142,no
5143,yes
5144,no
5145,no
5146,yes
5147,yes
5148,yes
5149,yes
5150,no
5151,yes
5152,no
5153,yes
5154,no
5155,yes
5156,no
5157,yes
5158,yes
5159,yes
5160,no
5161,no
5162,no
5163,no
5164,yes
5165,no
5166,yes
5167,no
5168,no
5169,no
5170,no
5171,no
5172,no
5173,no
5174,yes
5175,yes
5176,no
5177,no
5178,no
5179,yes
5180,no
5181,no
5182,no
5183,no
5184,yes
5185,no
5186,yes
5187,no
5188,no
5189,no
5190,yes
5191,no
5192,yes
5193,no
5194,no
5195,yes
5196,no
5197,yes
5198,no
5199,yes
5200,yes
5201,yes
5202,no
5203,yes
5204,yes
5205,no
5206,no
5207,yes
5208,yes
5209,no
5210,no
5211,yes
5212,no
5213,no
5214,no
5215,yes
5216,no
5217,no
5218,no
5219,yes
5220,no
5221,no
5222,no
5223,yes
5224,no
5225,no
5226,yes
5227,yes
5228,no
5229,no
5230,no
5231,no
5232,no
5233,yes
5234,yes
5235,yes
5236,no
5237,no
5238,yes
5239,no
5240,yes
5241,no
5242,yes
5243,yes
5244,yes
5245,no
5246,no
5247,no
5248,yes
5249,yes
5250,no
5251,yes
5252,no
5253,yes
5254,no
5255,yes
5256,yes
5257,no
5258,no
5259,yes
5260,no
5261,no
5262,yes
5263,no
5264,yes
5265,no
5266,yes
5267,no
5268,no
5269,yes
5270,no
5271,no
5272,no
5273,no
5274,no
5275,yes
5276,no
5277,no
5278,no
5279,no
5280,no
5281,no
5282,no
5283,yes
5284,no
5285,no
5286,no
5287,no
5288,yes
5289,yes
5290,yes
5291,yes
5292,yes
5293,no
5294,yes
5295,yes
5296,no
5297,no
5298,yes
5299,yes
5300,no
5301,no
5302,yes
5303,no
5304,yes
5305,no
5306,yes
5307,no
5308,yes
5309,no
5310,yes
5311,no
5312,no
5313,no
5314,no
5315,no
5316,no
5317,yes
5318,no
5319,yes
5320,no
5321,no
5322,no
5323,no
5324,no
5325,no
5326,yes
5327,no
5328,no
5329,yes
5330,no
5331,yes
5332,no
5333,yes
5334,yes
5335,no
5336,yes
5337,no
5338,no
5339,yes
5340,no
5341,no
5342,yes
5343,no
5344,no
5345,yes
5346,yes
5347,yes
5348,yes
5349,no
5350,no
5351,no
5352,no
5353,yes
5354,yes
5355,yes
5356,yes
5357,no
5358,no
5359,yes
5360,no
5361,no
5362,no
5363,no
5364,no
5365,yes
5366,no
5367,no
5368,no
5369,yes
5370,yes
5371,no
5372,yes
5373,no
5374,yes
5375,yes
5376,no
5377,yes
5378,no
5379,no
5380,no
5381,yes
5382,yes
5383,yes
5384,no
5385,no
5386,yes
5387,yes
5388,no
5389,no
5390,yes
5391,no
5392,yes
5393,yes
5394,yes
5395,yes
5396,no
5397,yes
5398,no
5399,no
5400,no
5401,yes
5402,yes
5403,yes
5404,no
5405,no
5406,yes
5407,no
5408,no
5409,no
5410,no
5411,no
5412,yes
5413,yes
5414,no
5415,yes
5416,no
5417,no
5418,yes
5419,no
5420,yes
5421,no
5422,yes
5423,yes
5424,yes
5425,no
5426,yes
5427,no
5428,yes
5429,no
5430,no
5431,yes
5432,yes
5433,yes
5434,yes
5435,yes
5436,yes
5437,yes
5438,no
5439,no
5440,yes
5441,yes
5442,no
5443,no
5444,no
5445,yes
5446,no
5447,yes
5448,no
5449,no
5450,no
5451,no
5452,no
5453,no
5454,yes
5455,yes
5456,yes
5457,no
5458,yes
5459,yes
5460,yes
5461,no
5462,yes
5463,no
5464,no
5465,yes
5466,yes
5467,no
5468,yes
5469,yes
5470,yes
5471,no
5472,yes
5473,no
5474,no
5475,yes
5476,no
5477,yes
5478,no
5479,yes
5480,no
5481,yes
5482,no
5483,yes
5484,yes
5485,yes
5486,no
5487,no
5488,no
5489,no
5490,yes
5491,no
5492,yes
5493,no
5494,yes
5495,no
5496,yes
5497,yes
5498,yes
5499,no
5500,yes
5501,no
5502,yes
5503,no
5504,no
5505,no
5506,yes
5507,no
5508,yes
5509,no
5510,no
5511,no
5512,no
5513,yes
5514,no
5515,no
5516,yes
5517,no
5518,yes
5519,yes
5520,no
5521,yes
5522,no
5523,no
5524,no
5525,no
5526,no
5527,yes
5528,no
5529,yes
5530,yes
5531,no
5532,no
5533,yes
5534,yes
5535,no
5536,no
5537,yes
5538,no
5539,yes
5540,yes
5541,no
5542,no
5543,no
5544,no
5545,no
5546,yes
5547,no
5548,yes
5549,yes
5550,no
5551,yes
5552,yes
5553,yes
5554,yes
5555,yes
5556,yes
5557,yes
5558,yes
5559,yes
5560,no
5561,no
5562,no
5563,yes
5564,no
5565,no
5566,yes
5567,yes
5568,no
5569,yes
5570,no
5571,yes
5572,yes
5573,yes
5574,no
5575,no
5576,no
5577,yes
5578,no
5579,no
5580,yes
5581,yes
5582,yes
5583,yes
5584,yes
5585,no
5586,no
5587,no
5588,no
5589,yes
5590,no
5591,no
5592,no
5593,no
5594,no
5595,yes
5596,no
5597,no
5598,no
5599,no
5600,yes
5601,no
5602,yes
5603,no
5604,no
5605,yes
5606,yes
5607,no
5608,yes
5609,no
5610,yes
5611,no
5612,yes
5613,no
5614,no
5615,no
5616,yes
5617,yes
5618,no
5619,no
5620,no
5621,yes
5622,no
5623,no
5624,yes
5625,no
5626,no
5627,no
5628,no
5629,yes
5630,no
5631,no
5632,no
5633,yes
5634,no
5635,yes
5636,yes
5637,no
5638,yes
5639,no
5640,yes
5641,no
5642,no
5643,no
5644,no
5645,no
5646,yes
5647,no
5648,yes
5649,yes
5650,no
5651,yes
5652,no
5653,yes
5654,no
5655,no
5656,no
5657,yes
5658,yes
5659,no
5660,yes
5661,yes
5662,yes
5663,no
5664,yes
5665,no
5666,no
5667,no
5668,yes
5669,yes
5670,no
5671,yes
5672,yes
5673,yes
5674,no
5675,yes
5676,yes
5677,yes
5678,yes
5679,no
5680,no
5681,yes
5682,no
5683,no
5684,no
5685,no
5686,no
5687,yes
5688,yes
5689,no
5690,no
5691,no
5692,yes
5693,no
5694,yes
5695,no
5696,no
5697,yes
5698,yes
5699,yes
5700,no
5701,yes
5702,no
5703,yes
5704,yes
5705,yes
5706,yes
5707,no
5708,no
5709,no
5710,yes
5711,no
5712,no
5713,no
5714,yes
5715,yes
5716,no
5717,no
5718,yes
5719,yes
5720,yes
5721,no
5722,no
5723,yes
5724,yes
5725,no
5726,no
5727,yes
5728,no
5729,yes
5730,yes
5731,yes
5732,yes
5733,yes
5734,yes
5735,no
5736,yes
5737,yes
5738,no
5739,yes
5740,no
5741,yes
5742,yes
5743,no
5744,no
5745,yes
5746,yes
5747,no
5748,yes
5749,no
5750,no
5751,no
5752,no
5753,no
5754,no
5755,no
5756,no
5757,no
5758,yes
5759,no
5760,yes
5761,no
5762,no
5763,yes
5764,yes
5765,no
5766,no
5767,yes
5768,no
5769,yes
5770,no
5771,yes
5772,yes
5773,yes
5774,no
5775,no
5776,no
5777,no
5778,yes
5779,no
5780,no
5781,yes
5782,no
5783,no
5784,no
5785,yes
5786,no
5787,yes
5788,no
5789,no
5790,yes
5791,no
5792,yes
5793,no
5794,no
5795,no
5796,no
5797,yes
5798,yes
5799,no
5800,yes
5801,yes
5802,no
5803,yes
5804,yes
5805,no
5806,yes
5807,no
5808,yes
5809,yes
5810,yes
5811,no
5812,no
5813,no
5814,no
5815,no
5816,no
5817,yes
5818,no
5819,no
5820,no
5821,yes
5822,yes
5823,yes
5824,yes
5825,yes
5826,yes
5827,no
5828,no
5829,yes
5830,no
5831,no
5832,yes
5833,no
5834,no
5835,no
5836,yes
5837,yes
5838,no
5839,no
5840,no
5841,yes
5842,yes
5843,no
5844,no
5845,no
5846,yes
5847,no
5848,no
5849,yes
5850,yes
5851,no
5852,yes
5853,yes
5854,yes
5855,no
5856,yes
5857,yes
5858,no
5859,yes
5860,no
5861,no
5862,no
5863,no
5864,yes
5865,no
5866,no
5867,no
5868,yes
5869,no
5870,yes
5871,yes
5872,yes
5873,yes
5874,no
5875,no
5876,yes
5877,yes
5878,no
5879,no
5880,no
5881,no
5882,no
5883,no
5884,yes
5885,no
5886,yes
5887,no
5888,no
5889,no
5890,no
5891,yes
5892,yes
5893,no
5894,no
5895,no
5896,no
5897,yes
5898,no
5899,no
5900,yes
5901,yes
5902,no
5903,no
5904,yes
5905,yes
5906,yes
5907,no
5908,yes
5909,no
5910,no
5911,no
5912,no
5913,yes
5914,yes
5915,yes
5916,no
5917,no
5918,no
5919,no
5920,yes
5921,yes
5922,no
5923,yes
5924,no
5925,no
5926,yes
5927,no
5928,yes
5929,yes
5930,yes
5931,no
5932,yes
5933,yes
5934,no
5935,no
5936,no
5937,no
5938,no
5939,no
5940,no
5941,yes
5942,no
5943,no
5944,yes
5945,no
5946,yes
5947,no
5948,no
5949,no
5950,no
5951,no
5952,no
5953,yes
5954,no
5955,yes
5956,yes
5957,no
5958,no
5959,no
5960,no
5961,yes
5962,yes
5963,yes
5964,no
5965,no
5966,yes
5967,no
5968,no
5969,no
5970,yes
5971,no
5972,yes
5973,yes
5974,no
5975,no
5976,no
5977,yes
5978,no
5979,no
5980,yes
5981,no
5982,yes
5983,no
5984,no
5985,no
5986,no
5987,no
5988,no
5989,yes
5990,no
5991,yes
5992,no
5993,no
5994,yes
5995,no
5996,no
5997,no
5998,no
5999,yes
6000,no
6001,no
6002,yes
6003,yes
6004,no
6005,yes
6006,yes
6007,yes
6008,no
6009,yes
6010,no
6011,no
6012,no
6013,yes
6014,no
6015,yes
6016,yes
6017,yes
6018,yes
6019,no
6020,no
6021,no
6022,yes
6023,no
6024,no
6025,no
6026,no
6027,yes
6028,yes
6029,yes
6030,yes
6031,no
6032,no
6033,no
6034,no
6035,no
6036,yes
6037,no
6038,no
6039,yes
6040,no
6041,no
6042,yes
6043,no
6044,no
6045,yes
6046,no
6047,no
6048,no
6049,yes
6050,yes
6051,no
6052,no
6053,no
6054,yes
6055,no
6056,no
6057,yes
6058,yes
6059,yes
6060,yes
6061,yes
6062,yes
6063,no
6064,no
6065,yes
6066,no
6067,yes
6068,no
6069,yes
6070,no
6071,yes
6072,no
6073,no
6074,yes
6075,no
6076,no
6077,no
6078,no
6079,no
6080,no
6081,yes
6082,no
6083,no
6084,yes
6085,no
6086,no
6087,no
6088,yes
6089,no
6090,yes
6091,yes
6092,no
6093,yes
6094,no
6095,yes
6096,no
6097,no
6098,yes
6099,yes
6100,yes
6101,yes
6102,yes
6103,yes
6104,no
6105,no
6106,yes
6107,no
6108,no
6109,no
6110,no
6111,no
6112,yes
6113,no
6114,no
6115,yes
6116,yes
6117,no
6118,no
6119,yes
6120,yes
6121,no
6122,no
6123,yes
6124,yes
6125,no
6126,no
6127,yes
6128,no
6129,no
6130,yes
6131,no
6132,no
6133,yes
6134,yes
6135,no
6136,yes
6137,no
6138,no
6139,no
6140,yes
6141,no
6142,no
6143,yes
6144,no
6145,no
6146,no
6147,yes
6148,no
6149,no
6150,yes
6151,no
6152,yes
6153,yes
6154,no
6155,no
6156,no
6157,no
6158,yes
6159,no
6160,yes
6161,no
6162,no
6163,no
6164,yes
6165,no
6166,no
6167,no
6168,yes
6169,no
6170,no
6171,no
6172,no
6173,no
6174,no
6175,yes
6176,no
6177,yes
6178,no
6179,no
6180,yes
6181,no
6182,no
6183,no
6184,yes
6185,yes
6186,yes
6187,no
6188,yes
6189,yes
6190,yes
6191,yes
6192,yes
6193,no
6194,no
6195,yes
6196,yes
6197,no
6198,yes
6199,no
6200,yes
6201,no
6202,no
6203,yes
6204,no
6205,yes
6206,no
6207,no
6208,yes
6209,yes
6210,yes
6211,yes
6212,yes
6213,yes
6214,yes
6215,no
6216,no
6217,no
6218,no
6219,no
6220,yes
6221,yes
6222,yes
6223,no
6224,no
6225,no
6226,no
6227,no
6228,yes
6229,no
6230,yes
6231,yes
6232,yes
6233,no
6234,yes
6235,no
6236,no
6237,no
6238,no
6239,no
6240,no
6241,yes
6242,yes
6243,no
6244,no
6245,no
6246,no
6247,yes
6248,no
6249,no
6250,no
6251,no
6252,yes
6253,no
6254,no
6255,yes
6256,no
6257,yes
6258,yes
6259,no
6260,no
6261,no
6262,no
6263,no
6264,no
6265,yes
6266,yes
6267,yes
6268,yes
6269,no
6270,no
6271,no
6272,no
6273,no
6274,no
6275,no
6276,no
6277,yes
6278,yes
6279,no
6280,yes
6281,yes
6282,yes
6283,no
6284,no
6285,no
6286,yes
6287,no
6288,no
6289,yes
6290,yes
6291,yes
6292,no
6293,yes
6294,yes
6295,no
6296,yes
6297,yes
6298,no
6299,yes
6300,no
6301,yes
6302,yes
6303,yes
6304,yes
6305,no
6306,yes
6307,yes
6308,yes
6309,no
6310,yes
6311,no
6312,yes
6313,no
6314,no
6315,yes
6316,no
6317,no
6318,no
6319,no
6320,yes
6321,no
6322,yes
6323,no
6324,no
6325,no
6326,no
6327,no
6328,no
6329,yes
6330,yes
6331,yes
6332,yes
6333,yes
6334,yes
6335,yes
6336,yes
6337,no
6338,no
6339,no
6340,no
6341,yes
6342,yes
6343,no
6344,yes
6345,no
6346,no
6347,no
6348,yes
6349,yes
6350,no
6351,no
6352,no
6353,yes
6354,no
6355,no
6356,no
6357,yes
6358,yes
6359,no
6360,no
6361,no
6362,no
6363,no
6364,no
6365,no
6366,no
6367,no
6368,yes
6369,yes
6370,no
6371,no
6372,no
6373,yes
6374,yes
6375,no
6376,no
6377,yes
6378,no
6379,yes
6380,no
6381,no
6382,no
6383,yes
6384,no
6385,no
6386,yes
6387,yes
6388,no
6389,yes
6390,no
6391,yes
6392,no
6393,yes
6394,no
6395,no
6396,no
6397,no
6398,no
6399,no
6400,yes
6401,yes
6402,no
6403,no
6404,yes
6405,no
6406,no
6407,yes
6408,yes
6409,yes
6410,no
6411,yes
6412,no
6413,yes
6414,no
6415,no
6416,no
6417,yes
6418,no
6419,yes
6420,yes
6421,yes
6422,no
6423,no
6424,no
6425,yes
6426,no
6427,no
6428,yes
6429,no
6430,yes
6431,no
6432,no
6433,no
6434,yes
6435,no
6436,no
6437,no
6438,no
6439,yes
6440,no
6441,no
6442,no
6443,no
6444,yes
6445,no
6446,yes
6447,yes
6448,no
6449,no
6450,yes
6451,yes
6452,no
6453,yes
6454,yes
6455,yes
6456,yes
6457,yes
6458,no
6459,yes
6460,yes
6461,no
6462,yes
6463,yes
6464,no
6465,yes
6466,no
6467,yes
6468,no
6469,no
6470,no
6471,yes
6472,no
6473,no
6474,no
6475,no
6476,no
6477,no
6478,yes
6479,no
6480,no
6481,yes
6482,no
6483,no
6484,yes
6485,no
6486,no
6487,no
6488,no
6489,no
6490,no
6491,yes
6492,no
6493,yes
6494,no
6495,yes
6496,no
6497,no
6498,no
6499,no
6500,no
6501,no
6502,yes
6503,yes
6504,no
6505,yes
6506,yes
6507,yes
6508,no
6509,yes
6510,no
6511,yes
6512,yes
6513,no
6514,no
6515,no
6516,yes
6517,yes
6518,yes
6519,yes
6520,yes
6521,no
6522,yes
6523,yes
6524,no
6525,yes
6526,no
6527,no
6528,yes
6529,yes
6530,yes
6531,yes
6532,yes
6533,no
6534,no
6535,yes
6536,no
6537,no
6538,no
6539,yes
6540,yes
6541,no
6542,no
6543,no
6544,yes
6545,yes
6546,no
6547,yes
6548,yes
6549,yes
6550,no
6551,yes
6552,yes
6553,no
6554,no
6555,no
6556,no
6557,no
6558,no
6559,yes
6560,no
6561,no
6562,yes
6563,no
6564,yes
6565,no
6566,yes
6567,yes
6568,yes
6569,no
6570,yes
6571,yes
6572,yes
6573,no
6574,no
6575,yes
6576,no
6577,yes
6578,no
6579,no
6580,no
6581,no
6582,no
6583,yes
6584,no
6585,no
6586,yes
6587,no
6588,yes
6589,yes
6590,yes
6591,yes
6592,yes
6593,no
6594,yes
6595,no
6596,no
6597,yes
6598,no
6599,yes
6600,no
6601,no
6602,no
6603,no
6604,yes
6605,yes
6606,no
6607,no
6608,no
6609,yes
6610,yes
6611,yes
6612,no
6613,no
6614,yes
6615,yes
6616,no
6617,yes
6618,no
6619,yes
6620,no
6621,no
6622,no
6623,yes
6624,yes
6625,no
6626,yes
6627,yes
6628,no
6629,no
6630,no
6631,no
6632,no
6633,no
6634,yes
6635,no
6636,no
6637,no
6638,no
6639,yes
6640,no
6641,yes
6642,no
6643,no
6644,yes
6645,no
6646,yes
6647,yes
6648,no
6649,yes
6650,yes
6651,no
6652,yes
6653,no
6654,yes
6655,no
6656,yes
6657,no
6658,no
6659,yes
6660,no
6661,yes
6662,yes
6663,no
6664,no
6665,no
6666,yes
6667,no
6668,no
6669,no
6670,yes
6671,no
6672,no
6673,no
6674,no
6675,yes
6676,no
6677,yes
6678,yes
6679,yes
6680,no
6681,no
6682,no
6683,no
6684,yes
6685,no
6686,yes
6687,yes
6688,no
6689,yes
6690,no
6691,yes
6692,no
6693,no
6694,no
6695,no
6696,yes
6697,no
6698,no
6699,no
6700,no
6701,yes
6702,yes
6703,yes
6704,no
6705,yes
6706,yes
6707,no
6708,yes
6709,yes
6710,yes
6711,no
6712,no
6713,no
6714,yes
6715,no
6716,no
6717,no
6718,no
6719,no
6720,yes
6721,yes
6722,no
6723,yes
6724,no
6725,no
6726,no
6727,yes
6728,no
6729,yes
6730,no
6731,no
6732,no
6733,no
6734,no
6735,yes
6736,no
6737,yes
6738,no
6739,yes
6740,yes
6741,no
6742,no
6743,no
6744,yes
6745,yes
6746,yes
6747,no
6748,yes
6749,no
6750,no
6751,no
6752,yes
6753,yes
6754,no
6755,no
6756,no
6757,no
6758,no
6759,no
6760,no
6761,yes
6762,yes
6763,no
6764,yes
6765,no
6766,no
6767,yes
6768,no
6769,no
6770,no
6771,yes
6772,yes
6773,yes
6774,no
6775,no
6776,yes
6777,yes
6778,no
6779,no
6780,yes
6781,no
6782,yes
6783,yes
6784,yes
6785,yes
6786,no
6787,no
6788,no
6789,no
6790,yes
6791,yes
6792,yes
6793,no
6794,yes
6795,yes
6796,yes
6797,yes
6798,yes
6799,no
6800,no
6801,no
6802,no
6803,yes
6804,yes
6805,yes
6806,no
6807,yes
6808,no
6809,yes
6810,yes
6811,yes
6812,no
6813,no
6814,no
6815,no
6816,no
6817,no
6818,no
6819,yes
6820,yes
6821,no
6822,yes
6823,yes
6824,no
6825,no
6826,no
6827,no
6828,no
6829,yes
6830,no
6831,yes
6832,no
6833,yes
6834,no
6835,no
6836,no
6837,yes
6838,yes
6839,yes
6840,yes
6841,yes
6842,no
6843,no
6844,no
6845,no
6846,no
6847,no
6848,yes
6849,no
6850,no
6851,yes
6852,no
6853,yes
6854,yes
6855,no
6856,no
6857,yes
6858,yes
6859,no
6860,yes
6861,no
6862,no
6863,yes
6864,yes
6865,yes
6866,no
6867,no
6868,yes
6869,no
6870,no
6871,no
6872,yes
6873,no
6874,no
6875,no
6876,no
6877,yes
6878,no
6879,no
6880,no
6881,yes
6882,yes
6883,yes
6884,yes
6885,no
6886,yes
6887,no
6888,no
6889,no
6890,yes
6891,no
6892,no
6893,no
6894,no
6895,yes
6896,no
6897,yes
6898,yes
6899,yes
6900,no
6901,no
6902,no
6903,yes
6904,no
6905,no
6906,yes
6907,no
6908,yes
6909,no
6910,no
6911,no
6912,yes
6913,no
6914,no
6915,yes
6916,no
6917,no
6918,no
6919,no
6920,yes
6921,no
6922,no
6923,yes
6924,no
6925,yes
6926,no
6927,yes
6928,no
6929,yes
6930,yes
6931,no
6932,yes
6933,no
6934,no
6935,yes
6936,no
6937,yes
6938,no
6939,yes
6940,yes
6941,no
6942,yes
6943,yes
6944,no
6945,yes
6946,yes
6947,yes
6948,no
6949,no
6950,no
6951,no
6952,yes
6953,no
6954,yes
6955,yes
6956,no
6957,no
6958,no
6959,yes
6960,yes
6961,no
6962,no
6963,no
6964,no
6965,no
6966,no
6967,yes
6968,yes
6969,no
6970,yes
6971,yes
6972,no
6973,no
6974,no
6975,no
6976,yes
6977,yes
6978,no
6979,no
6980,no
6981,yes
6982,yes
6983,yes
6984,no
6985,no
6986,no
6987,yes
6988,no
6989,yes
6990,yes
6991,no
6992,yes
6993,yes
6994,yes
6995,no
6996,yes
6997,yes
6998,no
6999,no
7000,yes
7001,no
7002,no
7003,no
7004,yes
7005,yes
7006,no
7007,yes
7008,yes
7009,yes
7010,yes
7011,yes
7012,no
7013,no
7014,yes
7015,yes
7016,yes
7017,yes
7018,no
7019,yes
7020,no
7021,yes
7022,no
7023,yes
7024,no
7025,no
7026,no
7027,yes
7028,yes
7029,yes
7030,yes
7031,yes
7032,no
7033,yes
7034,yes
7035,yes
7036,no
7037,no
7038,no
7039,no
7040,no
7041,yes
7042,no
7043,yes
7044,no
7045,no
7046,no
7047,yes
7048,no
7049,no
7050,yes
7051,no
7052,yes
7053,no
7054,no
7055,yes
7056,no
7057,yes
7058,no
7059,yes
7060,no
7061,no
7062,yes
7063,yes
7064,yes
7065,no
7066,no
7067,no
7068,yes
7069,no
7070,no
7071,no
7072,no
7073,yes
7074,no
7075,no
7076,yes
7077,yes
7078,no
7079,yes
7080,yes
7081,yes
7082,yes
7083,yes
7084,yes
7085,no
7086,no
7087,yes
7088,no
7089,yes
7090,no
7091,no
7092,yes
7093,no
7094,yes
7095,no
7096,yes
7097,no
7098,no
7099,no
7100,no
7101,yes
7102,no
7103,yes
7104,yes
7105,no
7106,yes
7107,yes
7108,yes
7109,no
7110,no
7111,yes
7112,no
7113,no
7114,yes
7115,yes
7116,yes
7117,yes
7118,yes
7119,yes
7120,no
7121,no
7122,yes
7123,yes
7124,yes
7125,no
7126,no
7127,no
7128,yes
7129,no
7130,no
7131,yes
7132,no
7133,yes
7134,yes
7135,no
7136,no
7137,yes
7138,yes
7139,no
7140,yes
7141,yes
7142,yes
7143,no
7144,no
7145,yes
7146,no
7147,no
7148,yes
7149,yes
7150,yes
7151,no
7152,no
7153,yes
7154,yes
7155,no
7156,yes
7157,yes
7158,no
7159,yes
7160,yes
7161,yes
7162,no
7163,no
7164,no
7165,no
7166,no
7167,yes
7168,yes
7169,no
7170,yes
7171,no
7172,yes
7173,no
7174,yes
7175,no
7176,yes
7177,yes
7178,no
7179,yes
7180,yes
7181,yes
7182,no
7183,yes
7184,yes
7185,no
7186,no
7187,yes
7188,no
7189,yes
7190,no
7191,yes
7192,yes
7193,yes
7194,yes
7195,yes
7196,no
7197,yes
7198,no
7199,no
7200,no
7201,no
7202,no
7203,yes
7204,no
7205,no
7206,no
7207,no
7208,no
7209,no
7210,no
7211,yes
7212,yes
7213,no
7214,yes
7215,no
7216,no
7217,no
7218,no
7219,yes
7220,yes
7221,yes
7222,yes
7223,yes
7224,yes
7225,no
7226,yes
7227,yes
7228,yes
7229,yes
7230,no
7231,yes
7232,yes
7233,yes
7234,no
7235,no
7236,yes
7237,no
7238,yes
7239,no
7240,no
7241,yes
7242,yes
7243,yes
7244,yes
7245,yes
7246,yes
7247,no
7248,no
7249,yes
7250,yes
7251,no
7252,no
7253,yes
7254,no
7255,no
7256,no
7257,no
7258,yes
7259,no
7260,yes
7261,no
7262,no
7263,yes
7264,no
7265,yes
7266,yes
7267,no
7268,yes
7269,yes
7270,no
7271,yes
7272,no
7273,no
7274,no
7275,no
7276,no
7277,no
7278,yes
7279,yes
7280,yes
7281,no
7282,no
7283,no
7284,no
7285,yes
7286,yes
7287,no
7288,yes
7289,no
7290,no
7291,yes
7292,yes
7293,yes
7294,no
7295,no
7296,yes
7297,no
7298,yes
7299,no
7300,no
7301,no
7302,yes
7303,yes
7304,yes
7305,no
7306,no
7307,yes
7308,no
7309,yes
7310,no
7311,no
7312,no
7313,yes
7314,no
7315,yes
7316,yes
7317,no
7318,no
7319,no
7320,yes
7321,no
7322,yes
7323,yes
7324,yes
7325,no
7326,no
7327,yes
7328,no
7329,no
7330,no
7331,no
7332,yes
7333,no
7334,no
7335,no
7336,no
7337,yes
7338,yes
7339,no
7340,yes
7341,yes
7342,yes
7343,yes
7344,no
7345,no
7346,no
7347,no
7348,no
7349,yes
7350,no
7351,no
7352,no
7353,no
7354,yes
7355,no
7356,yes
7357,no
7358,yes
7359,yes
7360,yes
7361,no
7362,no
7363,no
7364,no
7365,yes
7366,yes
7367,yes
7368,no
7369,no
7370,yes
7371,no
7372,no
7373,yes
7374,no
7375,no
7376,no
7377,no
7378,no
7379,yes
7380,yes
7381,yes
7382,yes
7383,yes
7384,yes
7385,no
7386,yes
7387,no
7388,yes
7389,yes
7390,no
7391,no
7392,no
7393,no
7394,yes
7395,yes
7396,no
7397,yes
7398,yes
7399,no
7400,no
7401,yes
7402,yes
7403,yes
7404,yes
7405,yes
7406,no
7407,no
7408,no
7409,yes
7410,no
7411,yes
7412,no
7413,yes
7414,no
7415,no
7416,no
7417,yes
7418,yes
7419,yes
7420,no
7421,yes
7422,no
7423,no
7424,yes
7425,no
7426,no
7427,no
7428,yes
7429,no
7430,no
7431,no
7432,yes
7433,yes
7434,yes
7435,no
7436,no
7437,yes
7438,no
7439,no
7440,yes
7441,yes
7442,no
7443,no
7444,no
7445,no
7446,yes
7447,no
7448,no
7449,no
7450,yes
7451,no
7452,yes
7453,yes
7454,no
7455,no
7456,yes
7457,no
7458,no
7459,no
7460,no
7461,yes
7462,no
7463,no
7464,no
7465,yes
7466,no
7467,no
7468,no
7469,no
7470,no
7471,yes
7472,yes
7473,no
7474,yes
7475,yes
7476,yes
7477,no
7478,yes
7479,yes
7480,yes
7481,yes
7482,yes
7483,yes
7484,no
7485,no
7486,no
7487,no
7488,yes
7489,no
7490,no
7491,yes
7492,no
7493,no
7494,no
7495,no
7496,no
7497,no
7498,no
7499,no
7500,no
7501,no
7502,yes
7503,yes
7504,no
7505,no
7506,yes
7507,no
7508,no
7509,yes
7510,no
7511,yes
7512,yes
7513,yes
7514,yes
7515,yes
7516,no
7517,no
7518,no
7519,no
7520,no
7521,yes
7522,yes
7523,yes
7524,yes
7525,yes
7526,no
7527,no
7528,yes
7529,no
7530,yes
7531,yes
7532,no
7533,no
7534,no
7535,yes
7536,no
7537,yes
7538,yes
7539,no
7540,no
7541,no
7542,no
7543,yes
7544,no
7545,no
7546,no
7547,no
7548,no
7549,no
7550,no
7551,yes
7552,yes
7553,no
7554,yes
7555,no
7556,yes
7557,yes
7558,yes
7559,yes
7560,no
7561,yes
7562,yes
7563,yes
7564,no
7565,no
7566,yes
7567,no
7568,no
7569,no
7570,yes
7571,yes
7572,no
7573,yes
7574,no
7575,yes
7576,no
7577,no
7578,yes
7579,yes
7580,no
7581,yes
7582,no
7583,no
7584,yes
7585,no
7586,yes
7587,no
7588,no
7589,no
7590,no
7591,yes
7592,no
7593,no
7594,yes
7595,yes
7596,yes
7597,no
7598,yes
7599,no
7600,yes
7601,yes
7602,yes
7603,yes
7604,no
7605,yes
7606,yes
7607,no
7608,yes
7609,no
7610,no
7611,yes
7612,yes
7613,no
7614,no
7615,no
7616,no
7617,no
7618,yes
7619,yes
7620,yes
7621,yes
7622,yes
7623,yes
7624,yes
7625,yes
7626,no
7627,no
7628,no
7629,yes
7630,no
7631,no
7632,no
7633,no
7634,yes
7635,yes
7636,no
7637,no
7638,yes
7639,yes
7640,yes
7641,yes
7642,no
7643,no
7644,yes
7645,yes
7646,yes
7647,no
7648,no
7649,no
7650,yes
7651,no
7652,no
7653,no
7654,no
7655,yes
7656,no
7657,no
7658,no
7659,no
7660,no
7661,no
7662,no
7663,no
7664,yes
7665,no
7666,no
7667,yes
7668,yes
7669,no
7670,yes
7671,no
7672,yes
7673,no
7674,no
7675,yes
7676,yes
7677,yes
7678,no
7679,no
7680,yes
7681,no
7682,no
7683,no
7684,no
7685,no
7686,yes
7687,no
7688,yes
7689,no
7690,yes
7691,yes
7692,no
7693,yes
7694,no
7695,yes
7696,yes
7697,no
7698,yes
7699,no
7700,no
7701,no
7702,no
7703,no
7704,yes
7705,no
7706,no
7707,no
7708,yes
7709,no
7710,yes
7711,no
7712,no
7713,no
7714,no
7715,no
7716,no
7717,no
7718,no
7719,no
7720,no
7721,yes
7722,yes
7723,yes
7724,yes
7725,yes
7726,no
7727,no
7728,yes
7729,yes
7730,no
7731,no
7732,no
7733,yes
7734,no
7735,yes
7736,no
7737,no
7738,yes
7739,no
7740,no
7741,no
7742,yes
7743,yes
7744,no
7745,yes
7746,yes
7747,yes
7748,no
7749,no
7750,yes
7751,yes
7752,yes
7753,no
7754,no
7755,yes
7756,no
7757,no
7758,yes
7759,yes
7760,yes
7761,no
7762,no
7763,no
7764,no
7765,no
7766,yes
7767,yes
7768,no
7769,no
7770,no
7771,no
7772,no
7773,yes
7774,yes
7775,no
7776,yes
7777,yes
7778,no
7779,no
7780,no
7781,no
7782,no
7783,yes
7784,yes
7785,no
7786,yes
7787,no
7788,no
7789,yes
7790,yes
7791,yes
7792,no
7793,no
7794,no
7795,no
7796,yes
7797,yes
7798,no
7799,yes
7800,no
7801,no
7802,yes
7803,no
7804,yes
7805,no
7806,no
7807,no
7808,no
7809,yes
7810,yes
7811,yes
7812,yes
7813,no
7814,no
7815,yes
7816,no
7817,no
7818,yes
7819,no
7820,no
7821,no
7822,yes
7823,no
7824,no
7825,no
7826,no
7827,yes
7828,yes
7829,yes
7830,yes
7831,yes
7832,no
7833,yes
7834,no
7835,no
7836,yes
7837,yes
7838,yes
7839,no
7840,no
7841,no
7842,yes
7843,no
7844,yes
7845,no
7846,yes
7847,no
7848,no
7849,no
7850,no
7851,yes
7852,yes
7853,no
7854,no
7855,yes
7856,yes
7857,yes
7858,no
7859,no
7860,yes
7861,yes
7862,no
7863,yes
7864,no
7865,yes
7866,no
7867,yes
7868,yes
7869,yes
7870,no
7871,yes
7872,no
7873,yes
7874,no
7875,no
7876,yes
7877,yes
7878,yes
7879,no
7880,yes
7881,no
7882,no
7883,yes
7884,no
7885,yes
7886,no
7887,no
7888,no
7889,yes
7890,yes
7891,no
7892,yes
7893,no
7894,yes
7895,no
7896,yes
7897,no
7898,yes
7899,no
7900,yes
7901,yes
7902,no
7903,no
7904,yes
7905,yes
7906,no
7907,yes
7908,no
7909,yes
7910,no
7911,no
7912,yes
7913,yes
7914,no
7915,yes
7916,yes
7917,no
7918,no
7919,no
7920,no
7921,yes
7922,no
7923,yes
7924,yes
7925,yes
7926,no
7927,yes
7928,no
7929,no
7930,no
7931,yes
7932,no
7933,no
7934,no
7935,no
7936,no
7937,no
7938,yes
7939,yes
7940,yes
7941,no
7942,no
7943,no
7944,no
7945,yes
7946,no
7947,no
7948,yes
7949,yes
7950,no
7951,yes
7952,yes
7953,no
7954,no
7955,no
7956,yes
7957,yes
7958,no
7959,yes
7960,yes
7961,yes
7962,yes
7963,no
7964,yes
7965,no
7966,no
7967,no
7968,yes
7969,yes
7970,no
7971,yes
7972,no
7973,no
7974,no
7975,yes
7976,yes
7977,yes
7978,no
7979,yes
7980,no
7981,no
7982,no
7983,no
7984,yes
7985,yes
7986,no
7987,yes
7988,no
7989,yes
7990,yes
7991,no
7992,yes
7993,no
7994,yes
7995,yes
7996,no
7997,no
7998,yes
7999,no
8000,no
8001,no
8002,yes
8003,yes
8004,no
8005,no
8006,yes
8007,yes
8008,no
8009,no
8010,yes
8011,no
8012,no
8013,no
8014,yes
8015,yes
8016,yes
8017,yes
8018,no
8019,no
8020,no
8021,no
8022,yes
8023,no
8024,no
8025,no
8026,no
8027,yes
8028,yes
8029,yes
8030,yes
8031,no
8032,no
8033,yes
8034,no
8035,yes
8036,yes
8037,yes
8038,yes
8039,yes
8040,yes
8041,yes
8042,no
8043,no
8044,no
8045,no
8046,no
8047,no
8048,no
8049,no
8050,yes
8051,no
8052,yes
8053,yes
8054,yes
8055,yes
8056,yes
8057,yes
8058,no
8059,yes
8060,no
8061,yes
8062,no
8063,yes
8064,no
8065,no
8066,no
8067,no
8068,yes
8069,yes
8070,yes
8071,yes
8072,yes
8073,no
8074,no
8075,no
8076,yes
8077,no
8078,yes
8079,no
8080,no
8081,no
8082,yes
8083,no
8084,yes
8085,no
8086,no
8087,no
8088,no
8089,yes
8090,no
8091,no
8092,no
8093,yes
8094,no
8095,no
8096,no
8097,yes
8098,yes
8099,no
8100,no
8101,no
8102,no
8103,yes
8104,no
8105,yes
8106,no
8107,no
8108,no
8109,no
8110,no
8111,yes
8112,no
8113,no
8114,no
8115,no
8116,no
8117,yes
8118,yes
8119,yes
8120,no
8121,no
8122,no
8123,no
8124,no
8125,no
8126,yes
8127,yes
8128,yes
8129,no
8130,yes
8131,yes
8132,yes
8133,no
8134,no
8135,yes
8136,no
8137,no
8138,no
8139,no
8140,no
8141,yes
8142,yes
8143,yes
8144,no
8145,yes
8146,yes
8147,yes
8148,no
8149,no
8150,no
8151,no
8152,yes
8153,yes
8154,no
8155,no
8156,no
8157,no
8158,no
8159,no
8160,yes
8161,yes
8162,no
8163,yes
8164,no
8165,no
8166,yes
8167,no
8168,yes
8169,no
8170,yes
8171,no
8172,yes
8173,no
8174,no
8175,no
8176,no
8177,yes
8178,yes
8179,no
8180,no
8181,no
8182,yes
8183,yes
8184,yes
8185,no
8186,no
8187,yes
8188,yes
8189,yes
8190,yes
8191,yes
8192,no
8193,no
8194,yes
8195,no
8196,yes
8197,no
8198,no
8199,no
8200,no
8201,no
8202,yes
8203,yes
8204,no
8205,no
8206,no
8207,yes
8208,no
8209,no
8210,yes
8211,no
8212,no
8213,yes
8214,no
8215,no
8216,no
8217,no
8218,no
8219,no
8220,no
8221,no
8222,yes
8223,no
8224,yes
8225,no
8226,no
8227,no
8228,no
8229,yes
8230,no
8231,yes
8232,yes
8233,no
8234,no
8235,no
8236,yes
8237,yes
8238,no
8239,no
8240,yes
8241,yes
8242,no
8243,no
8244,no
8245,yes
8246,yes
8247,yes
8248,no
8249,no
8250,no
8251,no
8252,no
8253,yes
8254,yes
8255,no
8256,yes
8257,yes
8258,yes
8259,no
8260,yes
8261,yes
8262,no
8263,no
8264,yes
8265,yes
8266,yes
8267,no
8268,yes
8269,no
8270,no
8271,no
8272,yes
8273,no
8274,no
8275,no
8276,yes
8277,yes
8278,no
8279,yes
8280,yes
8281,yes
8282,yes
8283,yes
8284,no
8285,yes
8286,no
8287,no
8288,yes
8289,yes
8290,yes
8291,no
8292,no
8293,yes
8294,yes
8295,yes
8296,yes
8297,yes
8298,no
8299,yes
8300,no
8301,yes
8302,yes
8303,no
8304,no
8305,yes
8306,no
8307,no
8308,no
8309,yes
8310,no
8311,yes
8312,no
8313,no
8314,no
8315,yes
8316,no
8317,yes
8318,no
8319,yes
8320,no
8321,yes
8322,yes
8323,yes
8324,no
8325,no
8326,yes
8327,no
8328,yes
8329,yes
8330,yes
8331,no
8332,yes
8333,yes
8334,yes
8335,yes
8336,yes
8337,no
8338,yes
8339,no
8340,yes
8341,no
8342,no
8343,no
8344,no
8345,yes
8346,no
8347,yes
8348,no
8349,yes
8350,no
8351,no
8352,yes
8353,no
8354,no
8355,yes
8356,yes
8357,no
8358,no
8359,no
8360,no
8361,yes
8362,no
8363,yes
8364,yes
8365,yes
8366,yes
8367,yes
8368,no
8369,no
8370,yes
